date,trial_number,p_r,trial_id,total_time,tank,urchin_density,urchin_size,urchin_mass,kelp_in,kelp_out,mortality
2019-07-03,1,p,P7-1,46.18333333,1-BI,7,65,110,249.2,223.7,0
2019-07-03,1,p,P7-1,46.18333333,1-BI,7,69,122,249.2,223.7,0
2019-07-03,1,p,P7-1,46.18333333,1-BI,7,54,67,249.2,223.7,0
2019-07-03,1,p,P7-1,46.18333333,1-BI,7,49,58,249.2,223.7,0
2019-07-03,1,p,P7-1,46.18333333,1-BI,7,49,54,249.2,223.7,0
2019-07-03,1,p,P7-1,46.18333333,1-BI,7,43,31,249.2,223.7,0
2019-07-03,1,p,P7-1,46.18333333,1-BI,7,48,48,249.2,223.7,0
2019-07-03,1,r,R1-1,94.41666667,1-BD,1,87,229,248.6,233.2,0
2019-07-03,1,r,R7-1,94.45,2-BI,7,81,209,249,183.1,0
2019-07-03,1,r,R7-1,94.45,2-BI,7,84,265,249,183.1,0
2019-07-03,1,r,R7-1,94.45,2-BI,7,70,127,249,183.1,0
2019-07-03,1,r,R7-1,94.45,2-BI,7,66,157,249,183.1,0
2019-07-03,1,r,R7-1,94.45,2-BI,7,38,31,249,183.1,0
2019-07-03,1,r,R7-1,94.45,2-BI,7,46,49,249,183.1,0
2019-07-03,1,r,R7-1,94.45,2-BI,7,48,59,249,183.1,0
2019-07-03,1,p,P22-1,46.23333333,2-BD,22,54,69,249.8,199.5,0
2019-07-03,1,p,P22-1,46.23333333,2-BD,22,57,78,249.8,199.5,0
2019-07-03,1,p,P22-1,46.23333333,2-BD,22,49,57,249.8,199.5,0
2019-07-03,1,p,P22-1,46.23333333,2-BD,22,65,95,249.8,199.5,0
2019-07-03,1,p,P22-1,46.23333333,2-BD,22,64,99,249.8,199.5,0
2019-07-03,1,p,P22-1,46.23333333,2-BD,22,51,57,249.8,199.5,0
2019-07-03,1,p,P22-1,46.23333333,2-BD,22,53,64,249.8,199.5,0
2019-07-03,1,p,P22-1,46.23333333,2-BD,22,57,79,249.8,199.5,0
2019-07-03,1,p,P22-1,46.23333333,2-BD,22,57,83,249.8,199.5,0
2019-07-03,1,p,P22-1,46.23333333,2-BD,22,53,75,249.8,199.5,0
2019-07-03,1,p,P22-1,46.23333333,2-BD,22,50,46,249.8,199.5,0
2019-07-03,1,p,P22-1,46.23333333,2-BD,22,50,47,249.8,199.5,0
2019-07-03,1,p,P22-1,46.23333333,2-BD,22,68,126,249.8,199.5,0
2019-07-03,1,p,P22-1,46.23333333,2-BD,22,57,76,249.8,199.5,0
2019-07-03,1,p,P22-1,46.23333333,2-BD,22,49,50,249.8,199.5,0
2019-07-03,1,p,P22-1,46.23333333,2-BD,22,44,43,249.8,199.5,0
2019-07-03,1,p,P22-1,46.23333333,2-BD,22,42,40,249.8,199.5,0
2019-07-03,1,p,P22-1,46.23333333,2-BD,22,65,94,249.8,199.5,0
2019-07-03,1,p,P22-1,46.23333333,2-BD,22,56,76,249.8,199.5,0
2019-07-03,1,p,P22-1,46.23333333,2-BD,22,51,51,249.8,199.5,0
2019-07-03,1,p,P22-1,46.23333333,2-BD,22,39,25,249.8,199.5,0
2019-07-03,1,p,P22-1,46.23333333,2-BD,22,46,42,249.8,199.5,0
2019-07-03,1,p,P3-1,46.91666667,3-BI,3,69,137,250.3,229.6,0
2019-07-03,1,p,P3-1,46.91666667,3-BI,3,46,42,250.3,229.6,0
2019-07-03,1,p,P3-1,46.91666667,3-BI,3,68,122,250.3,229.6,0
2019-07-03,1,p,P44-1,46.71666667,3-BD,44,44,36,250.5,165.1,0
2019-07-03,1,p,P44-1,46.71666667,3-BD,44,54,65,250.5,165.1,0
2019-07-03,1,p,P44-1,46.71666667,3-BD,44,55,68,250.5,165.1,0
2019-07-03,1,p,P44-1,46.71666667,3-BD,44,65,110,250.5,165.1,0
2019-07-03,1,p,P44-1,46.71666667,3-BD,44,56,72,250.5,165.1,0
2019-07-03,1,p,P44-1,46.71666667,3-BD,44,58,74,250.5,165.1,0
2019-07-03,1,p,P44-1,46.71666667,3-BD,44,49,39,250.5,165.1,0
2019-07-03,1,p,P44-1,46.71666667,3-BD,44,62,77,250.5,165.1,0
2019-07-03,1,p,P44-1,46.71666667,3-BD,44,61,87,250.5,165.1,0
2019-07-03,1,p,P44-1,46.71666667,3-BD,44,56,74,250.5,165.1,0
2019-07-03,1,p,P44-1,46.71666667,3-BD,44,48,43,250.5,165.1,0
2019-07-03,1,p,P44-1,46.71666667,3-BD,44,53,63,250.5,165.1,0
2019-07-03,1,p,P44-1,46.71666667,3-BD,44,43,31,250.5,165.1,0
2019-07-03,1,p,P44-1,46.71666667,3-BD,44,51,50,250.5,165.1,0
2019-07-03,1,p,P44-1,46.71666667,3-BD,44,57,71,250.5,165.1,0
2019-07-03,1,p,P44-1,46.71666667,3-BD,44,37,25,250.5,165.1,0
2019-07-03,1,p,P44-1,46.71666667,3-BD,44,44,37,250.5,165.1,0
2019-07-03,1,p,P44-1,46.71666667,3-BD,44,51,51,250.5,165.1,0
2019-07-03,1,p,P44-1,46.71666667,3-BD,44,38,23,250.5,165.1,0
2019-07-03,1,p,P44-1,46.71666667,3-BD,44,54,71,250.5,165.1,0
2019-07-03,1,p,P44-1,46.71666667,3-BD,44,69,117,250.5,165.1,0
2019-07-03,1,p,P44-1,46.71666667,3-BD,44,37,23,250.5,165.1,0
2019-07-03,1,p,P44-1,46.71666667,3-BD,44,54,58,250.5,165.1,0
2019-07-03,1,p,P44-1,46.71666667,3-BD,44,53,57,250.5,165.1,0
2019-07-03,1,p,P44-1,46.71666667,3-BD,44,53,51,250.5,165.1,0
2019-07-03,1,p,P44-1,46.71666667,3-BD,44,48,37,250.5,165.1,0
2019-07-03,1,p,P44-1,46.71666667,3-BD,44,50,57,250.5,165.1,0
2019-07-03,1,p,P44-1,46.71666667,3-BD,44,69,127,250.5,165.1,0
2019-07-03,1,p,P44-1,46.71666667,3-BD,44,61,93,250.5,165.1,0
2019-07-03,1,p,P44-1,46.71666667,3-BD,44,60,97,250.5,165.1,0
2019-07-03,1,p,P44-1,46.71666667,3-BD,44,56,73,250.5,165.1,0
2019-07-03,1,p,P44-1,46.71666667,3-BD,44,52,62,250.5,165.1,0
2019-07-03,1,p,P44-1,46.71666667,3-BD,44,44,40,250.5,165.1,0
2019-07-03,1,p,P44-1,46.71666667,3-BD,44,49,47,250.5,165.1,0
2019-07-03,1,p,P44-1,46.71666667,3-BD,44,44,37,250.5,165.1,0
2019-07-03,1,p,P44-1,46.71666667,3-BD,44,66,110,250.5,165.1,0
2019-07-03,1,p,P44-1,46.71666667,3-BD,44,48,48,250.5,165.1,0
2019-07-03,1,p,P44-1,46.71666667,3-BD,44,61,101,250.5,165.1,0
2019-07-03,1,p,P44-1,46.71666667,3-BD,44,47,43,250.5,165.1,0
2019-07-03,1,p,P44-1,46.71666667,3-BD,44,37,19,250.5,165.1,0
2019-07-03,1,p,P44-1,46.71666667,3-BD,44,60,101,250.5,165.1,0
2019-07-03,1,p,P44-1,46.71666667,3-BD,44,62,120,250.5,165.1,0
2019-07-03,1,p,P44-1,46.71666667,3-BD,44,49,42,250.5,165.1,0
2019-07-03,1,p,P44-1,46.71666667,3-BD,44,56,82,250.5,165.1,0
2019-07-03,1,r,R12-1,94.56666667,4-BI,12,68,140,249.9,135.6,0
2019-07-03,1,r,R12-1,94.56666667,4-BI,12,81,241,249.9,135.6,0
2019-07-03,1,r,R12-1,94.56666667,4-BI,12,70,182,249.9,135.6,0
2019-07-03,1,r,R12-1,94.56666667,4-BI,12,73,179,249.9,135.6,0
2019-07-03,1,r,R12-1,94.56666667,4-BI,12,83,269,249.9,135.6,0
2019-07-03,1,r,R12-1,94.56666667,4-BI,12,73,171,249.9,135.6,0
2019-07-03,1,r,R12-1,94.56666667,4-BI,12,78,241,249.9,135.6,0
2019-07-03,1,r,R12-1,94.56666667,4-BI,12,45,41,249.9,135.6,0
2019-07-03,1,r,R12-1,94.56666667,4-BI,12,74,210,249.9,135.6,0
2019-07-03,1,r,R12-1,94.56666667,4-BI,12,80,246,249.9,135.6,0
2019-07-03,1,r,R12-1,94.56666667,4-BI,12,71,136,249.9,135.6,0
2019-07-03,1,r,R12-1,94.56666667,4-BI,12,89,253,249.9,135.6,0
2019-07-03,1,p,P11-1,46.93333333,4-BD,11,61,111,249.8,243.1,0
2019-07-03,1,p,P11-1,46.93333333,4-BD,11,53,62,249.8,243.1,0
2019-07-03,1,p,P11-1,46.93333333,4-BD,11,59,88,249.8,243.1,0
2019-07-03,1,p,P11-1,46.93333333,4-BD,11,66,116,249.8,243.1,0
2019-07-03,1,p,P11-1,46.93333333,4-BD,11,56,74,249.8,243.1,0
2019-07-03,1,p,P11-1,46.93333333,4-BD,11,61,87,249.8,243.1,0
2019-07-03,1,p,P11-1,46.93333333,4-BD,11,53,59,249.8,243.1,0
2019-07-03,1,p,P11-1,46.93333333,4-BD,11,61,92,249.8,243.1,0
2019-07-03,1,p,P11-1,46.93333333,4-BD,11,53,57,249.8,243.1,0
2019-07-03,1,p,P11-1,46.93333333,4-BD,11,56,74,249.8,243.1,0
2019-07-03,1,p,P11-1,46.93333333,4-BD,11,50,59,249.8,243.1,0
2019-07-03,1,p,P2-1,46.26666667,5-TI,2,53,59,249.6,251.5,0
2019-07-03,1,p,P2-1,46.26666667,5-TI,2,49,42,249.6,251.5,0
2019-07-03,1,r,R3-1,93.66666667,5-TD,3,76,197,249.9,220.9,0
2019-07-03,1,r,R3-1,93.66666667,5-TD,3,73,231,249.9,220.9,0
2019-07-03,1,r,R3-1,93.66666667,5-TD,3,76,215,249.9,220.9,0
2019-07-03,1,p,P7-2,45.98333333,5-BI,7,36,20,250.5,235.3,0
2019-07-03,1,p,P7-2,45.98333333,5-BI,7,67,130,250.5,235.3,0
2019-07-03,1,p,P7-2,45.98333333,5-BI,7,53,62,250.5,235.3,0
2019-07-03,1,p,P7-2,45.98333333,5-BI,7,45,39,250.5,235.3,0
2019-07-03,1,p,P7-2,45.98333333,5-BI,7,38,22,250.5,235.3,0
2019-07-03,1,p,P7-2,45.98333333,5-BI,7,63,118,250.5,235.3,0
2019-07-03,1,p,P7-2,45.98333333,5-BI,7,65,122,250.5,235.3,0
2019-07-03,1,p,P7-3,46.2,5-BD,7,48,43,250.3,246.9,0
2019-07-03,1,p,P7-3,46.2,5-BD,7,60,102,250.3,246.9,0
2019-07-03,1,p,P7-3,46.2,5-BD,7,44,35,250.3,246.9,0
2019-07-03,1,p,P7-3,46.2,5-BD,7,57,95,250.3,246.9,0
2019-07-03,1,p,P7-3,46.2,5-BD,7,69,130,250.3,246.9,0
2019-07-03,1,p,P7-3,46.2,5-BD,7,43,30,250.3,246.9,0
2019-07-03,1,p,P7-3,46.2,5-BD,7,54,65,250.3,246.9,0
2019-07-03,1,p,P19-1,46.28333333,6-TI,19,49,31,249.4,210.7,0
2019-07-03,1,p,P19-1,46.28333333,6-TI,19,51,57,249.4,210.7,0
2019-07-03,1,p,P19-1,46.28333333,6-TI,19,49,51,249.4,210.7,0
2019-07-03,1,p,P19-1,46.28333333,6-TI,19,38,23,249.4,210.7,0
2019-07-03,1,p,P19-1,46.28333333,6-TI,19,60,89,249.4,210.7,0
2019-07-03,1,p,P19-1,46.28333333,6-TI,19,63,95,249.4,210.7,0
2019-07-03,1,p,P19-1,46.28333333,6-TI,19,48,45,249.4,210.7,0
2019-07-03,1,p,P19-1,46.28333333,6-TI,19,46,48,249.4,210.7,0
2019-07-03,1,p,P19-1,46.28333333,6-TI,19,56,64,249.4,210.7,0
2019-07-03,1,p,P19-1,46.28333333,6-TI,19,48,45,249.4,210.7,0
2019-07-03,1,p,P19-1,46.28333333,6-TI,19,65,95,249.4,210.7,0
2019-07-03,1,p,P19-1,46.28333333,6-TI,19,48,45,249.4,210.7,0
2019-07-03,1,p,P19-1,46.28333333,6-TI,19,63,90,249.4,210.7,0
2019-07-03,1,p,P19-1,46.28333333,6-TI,19,57,76,249.4,210.7,0
2019-07-03,1,p,P19-1,46.28333333,6-TI,19,52,54,249.4,210.7,0
2019-07-03,1,p,P19-1,46.28333333,6-TI,19,53,54,249.4,210.7,0
2019-07-03,1,p,P19-1,46.28333333,6-TI,19,62,100,249.4,210.7,0
2019-07-03,1,p,P19-1,46.28333333,6-TI,19,62,103,249.4,210.7,0
2019-07-03,1,p,P19-1,46.28333333,6-TI,19,50,53,249.4,210.7,0
2019-07-03,1,p,P3-2,46.25,6-TD,3,50,61,249.8,252.4,0
2019-07-03,1,p,P3-2,46.25,6-TD,3,55,61,249.8,252.4,0
2019-07-03,1,p,P3-2,46.25,6-TD,3,49,44,249.8,252.4,0
2019-07-03,1,r,R3-2,92.96666667,6-BI,3,76,195,249.4,251,0
2019-07-03,1,r,R3-2,92.96666667,6-BI,3,70,151,249.4,251,0
2019-07-03,1,r,R3-2,92.96666667,6-BI,3,65,127,249.4,251,0
2019-07-03,1,p,P11-2,45.88333333,6-BD,11,69,122,249.2,218.4,0
2019-07-03,1,p,P11-2,45.88333333,6-BD,11,59,80,249.2,218.4,0
2019-07-03,1,p,P11-2,45.88333333,6-BD,11,41,29,249.2,218.4,0
2019-07-03,1,p,P11-2,45.88333333,6-BD,11,55,65,249.2,218.4,0
2019-07-03,1,p,P11-2,45.88333333,6-BD,11,48,35,249.2,218.4,0
2019-07-03,1,p,P11-2,45.88333333,6-BD,11,65,126,249.2,218.4,0
2019-07-03,1,p,P11-2,45.88333333,6-BD,11,55,51,249.2,218.4,0
2019-07-03,1,p,P11-2,45.88333333,6-BD,11,54,57,249.2,218.4,0
2019-07-03,1,p,P11-2,45.88333333,6-BD,11,60,79,249.2,218.4,0
2019-07-03,1,p,P11-2,45.88333333,6-BD,11,43,32,249.2,218.4,0
2019-07-03,1,p,P11-2,45.88333333,6-BD,11,35,15,249.2,218.4,0
2019-07-03,1,p,P44-2,44.4,7-BI,44,63,100,249.9,159.8,0
2019-07-03,1,p,P44-2,44.4,7-BI,44,56,81,249.9,159.8,0
2019-07-03,1,p,P44-2,44.4,7-BI,44,39,26,249.9,159.8,0
2019-07-03,1,p,P44-2,44.4,7-BI,44,65,100,249.9,159.8,0
2019-07-03,1,p,P44-2,44.4,7-BI,44,60,86,249.9,159.8,0
2019-07-03,1,p,P44-2,44.4,7-BI,44,68,107,249.9,159.8,0
2019-07-03,1,p,P44-2,44.4,7-BI,44,62,78,249.9,159.8,0
2019-07-03,1,p,P44-2,44.4,7-BI,44,57,69,249.9,159.8,0
2019-07-03,1,p,P44-2,44.4,7-BI,44,45,33,249.9,159.8,0
2019-07-03,1,p,P44-2,44.4,7-BI,44,59,72,249.9,159.8,0
2019-07-03,1,p,P44-2,44.4,7-BI,44,64,91,249.9,159.8,0
2019-07-03,1,p,P44-2,44.4,7-BI,44,58,68,249.9,159.8,0
2019-07-03,1,p,P44-2,44.4,7-BI,44,60,74,249.9,159.8,0
2019-07-03,1,p,P44-2,44.4,7-BI,44,66,115,249.9,159.8,0
2019-07-03,1,p,P44-2,44.4,7-BI,44,40,23,249.9,159.8,0
2019-07-03,1,p,P44-2,44.4,7-BI,44,53,54,249.9,159.8,0
2019-07-03,1,p,P44-2,44.4,7-BI,44,56,63,249.9,159.8,0
2019-07-03,1,p,P44-2,44.4,7-BI,44,35,17,249.9,159.8,0
2019-07-03,1,p,P44-2,44.4,7-BI,44,36,20,249.9,159.8,0
2019-07-03,1,p,P44-2,44.4,7-BI,44,58,64,249.9,159.8,0
2019-07-03,1,p,P44-2,44.4,7-BI,44,48,37,249.9,159.8,0
2019-07-03,1,p,P44-2,44.4,7-BI,44,57,74,249.9,159.8,0
2019-07-03,1,p,P44-2,44.4,7-BI,44,54,63,249.9,159.8,0
2019-07-03,1,p,P44-2,44.4,7-BI,44,45,34,249.9,159.8,0
2019-07-03,1,p,P44-2,44.4,7-BI,44,46,28,249.9,159.8,0
2019-07-03,1,p,P44-2,44.4,7-BI,44,50,40,249.9,159.8,0
2019-07-03,1,p,P44-2,44.4,7-BI,44,39,21,249.9,159.8,0
2019-07-03,1,p,P44-2,44.4,7-BI,44,64,85,249.9,159.8,0
2019-07-03,1,p,P44-2,44.4,7-BI,44,51,48,249.9,159.8,0
2019-07-03,1,p,P44-2,44.4,7-BI,44,34,13,249.9,159.8,0
2019-07-03,1,p,P44-2,44.4,7-BI,44,50,53,249.9,159.8,0
2019-07-03,1,p,P44-2,44.4,7-BI,44,46,39,249.9,159.8,0
2019-07-03,1,p,P44-2,44.4,7-BI,44,57,68,249.9,159.8,0
2019-07-03,1,p,P44-2,44.4,7-BI,44,59,81,249.9,159.8,0
2019-07-03,1,p,P44-2,44.4,7-BI,44,57,76,249.9,159.8,0
2019-07-03,1,p,P44-2,44.4,7-BI,44,54,58,249.9,159.8,0
2019-07-03,1,p,P44-2,44.4,7-BI,44,66,108,249.9,159.8,0
2019-07-03,1,p,P44-2,44.4,7-BI,44,57,64,249.9,159.8,0
2019-07-03,1,p,P44-2,44.4,7-BI,44,52,58,249.9,159.8,0
2019-07-03,1,p,P44-2,44.4,7-BI,44,54,54,249.9,159.8,0
2019-07-03,1,p,P44-2,44.4,7-BI,44,54,59,249.9,159.8,0
2019-07-03,1,p,P44-2,44.4,7-BI,44,54,55,249.9,159.8,0
2019-07-03,1,p,P44-2,44.4,7-BI,44,53,59,249.9,159.8,0
2019-07-03,1,p,P44-2,44.4,7-BI,44,40,24,249.9,159.8,0
2019-07-03,1,r,R2-1,91.56666667,7-BD,2,55,65,249.7,246.2,0
2019-07-03,1,r,R2-1,91.56666667,7-BD,2,81,206,249.7,246.2,0
2019-07-03,1,p,P2-2,44.88333333,7-TI,2,57,76,250.3,244.7,0
2019-07-03,1,p,P2-2,44.88333333,7-TI,2,55,65,250.3,244.7,0
2019-07-03,1,r,R2-2,91.81666667,7-TD,2,78,233,250.4,228,0
2019-07-03,1,r,R2-2,91.81666667,7-TD,2,77,239,250.4,228,0
2019-07-03,1,p,P24-1,46.18333333,8-BI,24,52,57,248.8,176.5,0
2019-07-03,1,p,P24-1,46.18333333,8-BI,24,59,85,248.8,176.5,0
2019-07-03,1,p,P24-1,46.18333333,8-BI,24,70,141,248.8,176.5,0
2019-07-03,1,p,P24-1,46.18333333,8-BI,24,58,81,248.8,176.5,0
2019-07-03,1,p,P24-1,46.18333333,8-BI,24,58,83,248.8,176.5,0
2019-07-03,1,p,P24-1,46.18333333,8-BI,24,50,46,248.8,176.5,0
2019-07-03,1,p,P24-1,46.18333333,8-BI,24,59,82,248.8,176.5,0
2019-07-03,1,p,P24-1,46.18333333,8-BI,24,47,36,248.8,176.5,0
2019-07-03,1,p,P24-1,46.18333333,8-BI,24,65,106,248.8,176.5,0
2019-07-03,1,p,P24-1,46.18333333,8-BI,24,35,20,248.8,176.5,0
2019-07-03,1,p,P24-1,46.18333333,8-BI,24,57,72,248.8,176.5,0
2019-07-03,1,p,P24-1,46.18333333,8-BI,24,53,61,248.8,176.5,0
2019-07-03,1,p,P24-1,46.18333333,8-BI,24,49,39,248.8,176.5,0
2019-07-03,1,p,P24-1,46.18333333,8-BI,24,35,16,248.8,176.5,0
2019-07-03,1,p,P24-1,46.18333333,8-BI,24,58,77,248.8,176.5,0
2019-07-03,1,p,P24-1,46.18333333,8-BI,24,60,93,248.8,176.5,0
2019-07-03,1,p,P24-1,46.18333333,8-BI,24,59,67,248.8,176.5,0
2019-07-03,1,p,P24-1,46.18333333,8-BI,24,56,60,248.8,176.5,0
2019-07-03,1,p,P24-1,46.18333333,8-BI,24,55,61,248.8,176.5,0
2019-07-03,1,p,P24-1,46.18333333,8-BI,24,46,47,248.8,176.5,0
2019-07-03,1,p,P24-1,46.18333333,8-BI,24,62,77,248.8,176.5,0
2019-07-03,1,p,P24-1,46.18333333,8-BI,24,55,72,248.8,176.5,0
2019-07-03,1,p,P24-1,46.18333333,8-BI,24,50,46,248.8,176.5,0
2019-07-03,1,p,P24-1,46.18333333,8-BI,24,38,22,248.8,176.5,0
2019-07-03,1,r,R7-2,93.13333333,8-BD,7,85,226,249.6,244.9,0
2019-07-03,1,r,R7-2,93.13333333,8-BD,7,55,66,249.6,244.9,0
2019-07-03,1,r,R7-2,93.13333333,8-BD,7,41,30,249.6,244.9,0
2019-07-03,1,r,R7-2,93.13333333,8-BD,7,42,31,249.6,244.9,0
2019-07-03,1,r,R7-2,93.13333333,8-BD,7,80,208,249.6,244.9,0
2019-07-03,1,r,R7-2,93.13333333,8-BD,7,82,274,249.6,244.9,0
2019-07-03,1,r,R7-2,93.13333333,8-BD,7,59,68,249.6,244.9,0
2019-07-03,1,p,P24-2,46.88333333,13-TI,24,56,76,249.9,200.6,0
2019-07-03,1,p,P24-2,46.88333333,13-TI,24,39,24,249.9,200.6,0
2019-07-03,1,p,P24-2,46.88333333,13-TI,24,64,96,249.9,200.6,0
2019-07-03,1,p,P24-2,46.88333333,13-TI,24,50,47,249.9,200.6,0
2019-07-03,1,p,P24-2,46.88333333,13-TI,24,62,83,249.9,200.6,0
2019-07-03,1,p,P24-2,46.88333333,13-TI,24,51,51,249.9,200.6,0
2019-07-03,1,p,P24-2,46.88333333,13-TI,24,58,91,249.9,200.6,0
2019-07-03,1,p,P24-2,46.88333333,13-TI,24,47,48,249.9,200.6,0
2019-07-03,1,p,P24-2,46.88333333,13-TI,24,55,68,249.9,200.6,0
2019-07-03,1,p,P24-2,46.88333333,13-TI,24,59,82,249.9,200.6,0
2019-07-03,1,p,P24-2,46.88333333,13-TI,24,50,60,249.9,200.6,0
2019-07-03,1,p,P24-2,46.88333333,13-TI,24,49,44,249.9,200.6,0
2019-07-03,1,p,P24-2,46.88333333,13-TI,24,44,34,249.9,200.6,0
2019-07-03,1,p,P24-2,46.88333333,13-TI,24,63,92,249.9,200.6,0
2019-07-03,1,p,P24-2,46.88333333,13-TI,24,58,71,249.9,200.6,0
2019-07-03,1,p,P24-2,46.88333333,13-TI,24,59,78,249.9,200.6,0
2019-07-03,1,p,P24-2,46.88333333,13-TI,24,51,51,249.9,200.6,0
2019-07-03,1,p,P24-2,46.88333333,13-TI,24,55,68,249.9,200.6,0
2019-07-03,1,p,P24-2,46.88333333,13-TI,24,55,69,249.9,200.6,0
2019-07-03,1,p,P24-2,46.88333333,13-TI,24,40,24,249.9,200.6,0
2019-07-03,1,p,P24-2,46.88333333,13-TI,24,55,75,249.9,200.6,0
2019-07-03,1,p,P24-2,46.88333333,13-TI,24,42,32,249.9,200.6,0
2019-07-03,1,p,P24-2,46.88333333,13-TI,24,37,22,249.9,200.6,0
2019-07-03,1,p,P24-2,46.88333333,13-TI,24,64,94,249.9,200.6,0
2019-07-03,1,r,R1-2,92.78333333,13-TD,1,71,144,249.9,243.1,0
2019-07-03,1,p,P22-2,46.53333333,12-TI,22,57,84,248.9,200.1,0
2019-07-03,1,p,P22-2,46.53333333,12-TI,22,63,102,248.9,200.1,0
2019-07-03,1,p,P22-2,46.53333333,12-TI,22,54,61,248.9,200.1,0
2019-07-03,1,p,P22-2,46.53333333,12-TI,22,53,54,248.9,200.1,0
2019-07-03,1,p,P22-2,46.53333333,12-TI,22,53,57,248.9,200.1,0
2019-07-03,1,p,P22-2,46.53333333,12-TI,22,40,24,248.9,200.1,0
2019-07-03,1,p,P22-2,46.53333333,12-TI,22,67,84,248.9,200.1,0
2019-07-03,1,p,P22-2,46.53333333,12-TI,22,43,23,248.9,200.1,0
2019-07-03,1,p,P22-2,46.53333333,12-TI,22,65,91,248.9,200.1,0
2019-07-03,1,p,P22-2,46.53333333,12-TI,22,60,76,248.9,200.1,0
2019-07-03,1,p,P22-2,46.53333333,12-TI,22,67,104,248.9,200.1,0
2019-07-03,1,p,P22-2,46.53333333,12-TI,22,57,72,248.9,200.1,0
2019-07-03,1,p,P22-2,46.53333333,12-TI,22,47,33,248.9,200.1,0
2019-07-03,1,p,P22-2,46.53333333,12-TI,22,57,74,248.9,200.1,0
2019-07-03,1,p,P22-2,46.53333333,12-TI,22,43,31,248.9,200.1,0
2019-07-03,1,p,P22-2,46.53333333,12-TI,22,58,75,248.9,200.1,0
2019-07-03,1,p,P22-2,46.53333333,12-TI,22,62,105,248.9,200.1,0
2019-07-03,1,p,P22-2,46.53333333,12-TI,22,69,126,248.9,200.1,0
2019-07-03,1,p,P22-2,46.53333333,12-TI,22,56,64,248.9,200.1,0
2019-07-03,1,p,P22-2,46.53333333,12-TI,22,56,74,248.9,200.1,0
2019-07-03,1,p,P22-2,46.53333333,12-TI,22,44,32,248.9,200.1,0
2019-07-03,1,p,P22-2,46.53333333,12-TI,22,54,63,248.9,200.1,0
2019-07-03,1,r,R12-2,93.15,12-TD,12,57,72,249,229.8,0
2019-07-03,1,r,R12-2,93.15,12-TD,12,80,263,249,229.8,0
2019-07-03,1,r,R12-2,93.15,12-TD,12,84,232,249,229.8,0
2019-07-03,1,r,R12-2,93.15,12-TD,12,86,272,249,229.8,0
2019-07-03,1,r,R12-2,93.15,12-TD,12,82,220,249,229.8,0
2019-07-03,1,r,R12-2,93.15,12-TD,12,61,100,249,229.8,0
2019-07-03,1,r,R12-2,93.15,12-TD,12,53,77,249,229.8,0
2019-07-03,1,r,R12-2,93.15,12-TD,12,62,99,249,229.8,0
2019-07-03,1,r,R12-2,93.15,12-TD,12,84,217,249,229.8,0
2019-07-03,1,r,R12-2,93.15,12-TD,12,46,46,249,229.8,0
2019-07-03,1,r,R12-2,93.15,12-TD,12,84,254,249,229.8,0
2019-07-03,1,r,R12-2,93.15,12-TD,12,85,252,249,229.8,0
2019-07-03,1,p,P24-3,45.56666667,11-TI,24,59,96,249.7,202,1
2019-07-03,1,p,P24-3,45.56666667,11-TI,24,53,56,249.7,202,1
2019-07-03,1,p,P24-3,45.56666667,11-TI,24,42,31,249.7,202,1
2019-07-03,1,p,P24-3,45.56666667,11-TI,24,39,25,249.7,202,1
2019-07-03,1,p,P24-3,45.56666667,11-TI,24,50,37,249.7,202,1
2019-07-03,1,p,P24-3,45.56666667,11-TI,24,52,56,249.7,202,1
2019-07-03,1,p,P24-3,45.56666667,11-TI,24,53,54,249.7,202,1
2019-07-03,1,p,P24-3,45.56666667,11-TI,24,58,83,249.7,202,1
2019-07-03,1,p,P24-3,45.56666667,11-TI,24,60,81,249.7,202,1
2019-07-03,1,p,P24-3,45.56666667,11-TI,24,63,98,249.7,202,1
2019-07-03,1,p,P24-3,45.56666667,11-TI,24,46,47,249.7,202,1
2019-07-03,1,p,P24-3,45.56666667,11-TI,24,57,74,249.7,202,1
2019-07-03,1,p,P24-3,45.56666667,11-TI,24,63,95,249.7,202,1
2019-07-03,1,p,P24-3,45.56666667,11-TI,24,65,110,249.7,202,1
2019-07-03,1,p,P24-3,45.56666667,11-TI,24,55,65,249.7,202,1
2019-07-03,1,p,P24-3,45.56666667,11-TI,24,52,51,249.7,202,1
2019-07-03,1,p,P24-3,45.56666667,11-TI,24,52,55,249.7,202,1
2019-07-03,1,p,P24-3,45.56666667,11-TI,24,55,60,249.7,202,1
2019-07-03,1,p,P24-3,45.56666667,11-TI,24,54,56,249.7,202,1
2019-07-03,1,p,P24-3,45.56666667,11-TI,24,48,41,249.7,202,1
2019-07-03,1,p,P24-3,45.56666667,11-TI,24,65,107,249.7,202,1
2019-07-03,1,p,P24-3,45.56666667,11-TI,24,57,65,249.7,202,1
2019-07-03,1,p,P24-3,45.56666667,11-TI,24,43,31,249.7,202,1
2019-07-03,1,p,P24-3,45.56666667,11-TI,24,47,43,249.7,202,1
2019-07-03,1,p,P2-3,45.71666667,11-TD,2,59,85,250.3,246.3,0
2019-07-03,1,p,P2-3,45.71666667,11-TD,2,47,39,250.3,246.3,0
2019-07-03,1,p,P44-3,45.26666667,11-BI,44,59,87,250.1,127.9,1
2019-07-03,1,p,P44-3,45.26666667,11-BI,44,40,58,250.1,127.9,1
2019-07-03,1,p,P44-3,45.26666667,11-BI,44,49,48,250.1,127.9,1
2019-07-03,1,p,P44-3,45.26666667,11-BI,44,49,56,250.1,127.9,1
2019-07-03,1,p,P44-3,45.26666667,11-BI,44,46,40,250.1,127.9,1
2019-07-03,1,p,P44-3,45.26666667,11-BI,44,64,100,250.1,127.9,1
2019-07-03,1,p,P44-3,45.26666667,11-BI,44,46,39,250.1,127.9,1
2019-07-03,1,p,P44-3,45.26666667,11-BI,44,48,44,250.1,127.9,1
2019-07-03,1,p,P44-3,45.26666667,11-BI,44,46,33,250.1,127.9,1
2019-07-03,1,p,P44-3,45.26666667,11-BI,44,47,38,250.1,127.9,1
2019-07-03,1,p,P44-3,45.26666667,11-BI,44,37,25,250.1,127.9,1
2019-07-03,1,p,P44-3,45.26666667,11-BI,44,69,124,250.1,127.9,1
2019-07-03,1,p,P44-3,45.26666667,11-BI,44,56,13,250.1,127.9,1
2019-07-03,1,p,P44-3,45.26666667,11-BI,44,42,85,250.1,127.9,1
2019-07-03,1,p,P44-3,45.26666667,11-BI,44,54,40,250.1,127.9,1
2019-07-03,1,p,P44-3,45.26666667,11-BI,44,42,39,250.1,127.9,1
2019-07-03,1,p,P44-3,45.26666667,11-BI,44,65,64,250.1,127.9,1
2019-07-03,1,p,P44-3,45.26666667,11-BI,44,60,46,250.1,127.9,1
2019-07-03,1,p,P44-3,45.26666667,11-BI,44,60,68,250.1,127.9,1
2019-07-03,1,p,P44-3,45.26666667,11-BI,44,49,49,250.1,127.9,1
2019-07-03,1,p,P44-3,45.26666667,11-BI,44,52,82,250.1,127.9,1
2019-07-03,1,p,P44-3,45.26666667,11-BI,44,45,102,250.1,127.9,1
2019-07-03,1,p,P44-3,45.26666667,11-BI,44,35,58,250.1,127.9,1
2019-07-03,1,p,P44-3,45.26666667,11-BI,44,59,44,250.1,127.9,1
2019-07-03,1,p,P44-3,45.26666667,11-BI,44,51,118,250.1,127.9,1
2019-07-03,1,p,P44-3,45.26666667,11-BI,44,46,56,250.1,127.9,1
2019-07-03,1,p,P44-3,45.26666667,11-BI,44,56,26,250.1,127.9,1
2019-07-03,1,p,P44-3,45.26666667,11-BI,44,51,58,250.1,127.9,1
2019-07-03,1,p,P44-3,45.26666667,11-BI,44,56,28,250.1,127.9,1
2019-07-03,1,p,P44-3,45.26666667,11-BI,44,51,102,250.1,127.9,1
2019-07-03,1,p,P44-3,45.26666667,11-BI,44,61,91,250.1,127.9,1
2019-07-03,1,p,P44-3,45.26666667,11-BI,44,61,93,250.1,127.9,1
2019-07-03,1,p,P44-3,45.26666667,11-BI,44,52,45,250.1,127.9,1
2019-07-03,1,p,P44-3,45.26666667,11-BI,44,54,51,250.1,127.9,1
2019-07-03,1,p,P44-3,45.26666667,11-BI,44,67,38,250.1,127.9,1
2019-07-03,1,p,P44-3,45.26666667,11-BI,44,44,34,250.1,127.9,1
2019-07-03,1,p,P44-3,45.26666667,11-BI,44,39,23,250.1,127.9,1
2019-07-03,1,p,P44-3,45.26666667,11-BI,44,54,58,250.1,127.9,1
2019-07-03,1,p,P44-3,45.26666667,11-BI,44,54,60,250.1,127.9,1
2019-07-03,1,p,P44-3,45.26666667,11-BI,44,53,67,250.1,127.9,1
2019-07-03,1,p,P44-3,45.26666667,11-BI,44,55,77,250.1,127.9,1
2019-07-03,1,p,P44-3,45.26666667,11-BI,44,48,51,250.1,127.9,1
2019-07-03,1,p,P44-3,45.26666667,11-BI,44,64,101,250.1,127.9,1
2019-07-03,1,p,P44-3,45.26666667,11-BI,44,64,102,250.1,127.9,1
2019-07-03,1,p,P19-2,45.43333333,11-BD,19,51,44,249.8,239.7,0
2019-07-03,1,p,P19-2,45.43333333,11-BD,19,39,23,249.8,239.7,0
2019-07-03,1,p,P19-2,45.43333333,11-BD,19,39,25,249.8,239.7,0
2019-07-03,1,p,P19-2,45.43333333,11-BD,19,38,24,249.8,239.7,0
2019-07-03,1,p,P19-2,45.43333333,11-BD,19,57,76,249.8,239.7,0
2019-07-03,1,p,P19-2,45.43333333,11-BD,19,57,66,249.8,239.7,0
2019-07-03,1,p,P19-2,45.43333333,11-BD,19,52,55,249.8,239.7,0
2019-07-03,1,p,P19-2,45.43333333,11-BD,19,46,41,249.8,239.7,0
2019-07-03,1,p,P19-2,45.43333333,11-BD,19,49,42,249.8,239.7,0
2019-07-03,1,p,P19-2,45.43333333,11-BD,19,45,35,249.8,239.7,0
2019-07-03,1,p,P19-2,45.43333333,11-BD,19,46,43,249.8,239.7,0
2019-07-03,1,p,P19-2,45.43333333,11-BD,19,48,37,249.8,239.7,0
2019-07-03,1,p,P19-2,45.43333333,11-BD,19,45,40,249.8,239.7,0
2019-07-03,1,p,P19-2,45.43333333,11-BD,19,38,23,249.8,239.7,0
2019-07-03,1,p,P19-2,45.43333333,11-BD,19,56,69,249.8,239.7,0
2019-07-03,1,p,P19-2,45.43333333,11-BD,19,57,70,249.8,239.7,0
2019-07-03,1,p,P19-2,45.43333333,11-BD,19,35,20,249.8,239.7,0
2019-07-03,1,p,P19-2,45.43333333,11-BD,19,48,43,249.8,239.7,0
2019-07-03,1,p,P19-2,45.43333333,11-BD,19,41,25,249.8,239.7,0
2019-07-03,1,r,R5-1,93.08333333,12-BI,5,92,266,249.7,230,0
2019-07-03,1,r,R5-1,93.08333333,12-BI,5,80,244,249.7,230,0
2019-07-03,1,r,R5-1,93.08333333,12-BI,5,65,118,249.7,230,0
2019-07-03,1,r,R5-1,93.08333333,12-BI,5,75,227,249.7,230,0
2019-07-03,1,r,R5-1,93.08333333,12-BI,5,65,123,249.7,230,0
2019-07-03,1,p,P11-3,46.43333333,12-BD,11,50,43,249.4,239.3,0
2019-07-03,1,p,P11-3,46.43333333,12-BD,11,39,24,249.4,239.3,0
2019-07-03,1,p,P11-3,46.43333333,12-BD,11,48,41,249.4,239.3,0
2019-07-03,1,p,P11-3,46.43333333,12-BD,11,52,36,249.4,239.3,0
2019-07-03,1,p,P11-3,46.43333333,12-BD,11,69,40,249.4,239.3,0
2019-07-03,1,p,P11-3,46.43333333,12-BD,11,50,30,249.4,239.3,0
2019-07-03,1,p,P11-3,46.43333333,12-BD,11,65,44,249.4,239.3,0
2019-07-03,1,p,P11-3,46.43333333,12-BD,11,45,49,249.4,239.3,0
2019-07-03,1,p,P11-3,46.43333333,12-BD,11,48,118,249.4,239.3,0
2019-07-03,1,p,P11-3,46.43333333,12-BD,11,45,37,249.4,239.3,0
2019-07-03,1,p,P11-3,46.43333333,12-BD,11,50,102,249.4,239.3,0
2019-07-03,1,r,R5-2,92.73333333,13-BI,5,82,250,249.8,236.6,0
2019-07-03,1,r,R5-2,92.73333333,13-BI,5,56,89,249.8,236.6,0
2019-07-03,1,r,R5-2,92.73333333,13-BI,5,77,218,249.8,236.6,0
2019-07-03,1,r,R5-2,92.73333333,13-BI,5,78,216,249.8,236.6,0
2019-07-03,1,r,R5-2,92.73333333,13-BI,5,79,245,249.8,236.6,0
2019-07-03,1,p,P19-3,46.53333333,13-BD,19,45,37,249.3,215.7,0
2019-07-03,1,p,P19-3,46.53333333,13-BD,19,53,53,249.3,215.7,0
2019-07-03,1,p,P19-3,46.53333333,13-BD,19,65,97,249.3,215.7,0
2019-07-03,1,p,P19-3,46.53333333,13-BD,19,62,98,249.3,215.7,0
2019-07-03,1,p,P19-3,46.53333333,13-BD,19,43,29,249.3,215.7,0
2019-07-03,1,p,P19-3,46.53333333,13-BD,19,43,31,249.3,215.7,0
2019-07-03,1,p,P19-3,46.53333333,13-BD,19,40,23,249.3,215.7,0
2019-07-03,1,p,P19-3,46.53333333,13-BD,19,38,23,249.3,215.7,0
2019-07-03,1,p,P19-3,46.53333333,13-BD,19,37,22,249.3,215.7,0
2019-07-03,1,p,P19-3,46.53333333,13-BD,19,49,43,249.3,215.7,0
2019-07-03,1,p,P19-3,46.53333333,13-BD,19,55,61,249.3,215.7,0
2019-07-03,1,p,P19-3,46.53333333,13-BD,19,56,66,249.3,215.7,0
2019-07-03,1,p,P19-3,46.53333333,13-BD,19,56,59,249.3,215.7,0
2019-07-03,1,p,P19-3,46.53333333,13-BD,19,39,20,249.3,215.7,0
2019-07-03,1,p,P19-3,46.53333333,13-BD,19,50,51,249.3,215.7,0
2019-07-03,1,p,P19-3,46.53333333,13-BD,19,45,36,249.3,215.7,0
2019-07-03,1,p,P19-3,46.53333333,13-BD,19,48,41,249.3,215.7,0
2019-07-03,1,p,P19-3,46.53333333,13-BD,19,43,35,249.3,215.7,0
2019-07-03,1,p,P19-3,46.53333333,13-BD,19,48,43,249.3,215.7,0
2019-07-03,1,p,P22-3,46.45,14-BI,22,48,39,250.5,219.6,0
2019-07-03,1,p,P22-3,46.45,14-BI,22,56,79,250.5,219.6,0
2019-07-03,1,p,P22-3,46.45,14-BI,22,49,53,250.5,219.6,0
2019-07-03,1,p,P22-3,46.45,14-BI,22,54,61,250.5,219.6,0
2019-07-03,1,p,P22-3,46.45,14-BI,22,38,24,250.5,219.6,0
2019-07-03,1,p,P22-3,46.45,14-BI,22,36,21,250.5,219.6,0
2019-07-03,1,p,P22-3,46.45,14-BI,22,36,17,250.5,219.6,0
2019-07-03,1,p,P22-3,46.45,14-BI,22,50,33,250.5,219.6,0
2019-07-03,1,p,P22-3,46.45,14-BI,22,50,52,250.5,219.6,0
2019-07-03,1,p,P22-3,46.45,14-BI,22,35,15,250.5,219.6,0
2019-07-03,1,p,P22-3,46.45,14-BI,22,39,27,250.5,219.6,0
2019-07-03,1,p,P22-3,46.45,14-BI,22,49,62,250.5,219.6,0
2019-07-03,1,p,P22-3,46.45,14-BI,22,47,45,250.5,219.6,0
2019-07-03,1,p,P22-3,46.45,14-BI,22,51,57,250.5,219.6,0
2019-07-03,1,p,P22-3,46.45,14-BI,22,35,16,250.5,219.6,0
2019-07-03,1,p,P22-3,46.45,14-BI,22,40,26,250.5,219.6,0
2019-07-03,1,p,P22-3,46.45,14-BI,22,60,82,250.5,219.6,0
2019-07-03,1,p,P22-3,46.45,14-BI,22,37,22,250.5,219.6,0
2019-07-03,1,p,P22-3,46.45,14-BI,22,60,78,250.5,219.6,0
2019-07-03,1,p,P22-3,46.45,14-BI,22,45,39,250.5,219.6,0
2019-07-03,1,p,P22-3,46.45,14-BI,22,46,42,250.5,219.6,0
2019-07-03,1,p,P22-3,46.45,14-BI,22,57,53,250.5,219.6,0
2019-07-03,1,p,P3-3,46.46666667,14-BD,3,63,99,249.5,251.7,0
2019-07-03,1,p,P3-3,46.46666667,14-BD,3,54,55,249.5,251.7,0
2019-07-03,1,p,P3-3,46.46666667,14-BD,3,45,36,249.5,251.7,0
2019-07-10,2,r,R3-3,93.433333,1-BD,3,91,252,251,233,0
2019-07-10,2,r,R3-3,93.433333,1-BD,3,79,184,251,233,0
2019-07-10,2,r,R3-3,93.433333,1-BD,3,80,202,251,233,0
2019-07-10,2,p,P2-4,48,4-BD,2,64,93,251,252,0
2019-07-10,2,p,P2-4,48,4-BD,2,57,79,251,252,0
2019-07-10,2,r,R1-3,96,11-TD,1,101,401,249,235,0
2019-07-10,2,p,P7-4,48,11-TI,7,61,92,250,239,1
2019-07-10,2,p,P7-4,48,11-TI,7,58,84,250,239,1
2019-07-10,2,p,P7-4,48,11-TI,7,62,90,250,239,1
2019-07-10,2,p,P7-4,48,11-TI,7,49,56,250,239,1
2019-07-10,2,p,P7-4,48,11-TI,7,48,40,250,239,1
2019-07-10,2,p,P7-4,48,11-TI,7,43,31,250,239,1
2019-07-10,2,p,P7-4,48,11-TI,7,35,17,250,239,1
2019-07-10,2,p,P11-4,48,11-BD,11,64,99,250,242,0
2019-07-10,2,p,P11-4,48,11-BD,11,50,51,250,242,0
2019-07-10,2,p,P11-4,48,11-BD,11,56,75,250,242,0
2019-07-10,2,p,P11-4,48,11-BD,11,62,116,250,242,0
2019-07-10,2,p,P11-4,48,11-BD,11,45,36,250,242,0
2019-07-10,2,p,P11-4,48,11-BD,11,55,58,250,242,0
2019-07-10,2,p,P11-4,48,11-BD,11,57,77,250,242,0
2019-07-10,2,p,P11-4,48,11-BD,11,55,66,250,242,0
2019-07-10,2,p,P11-4,48,11-BD,11,53,60,250,242,0
2019-07-10,2,p,P11-4,48,11-BD,11,50,53,250,242,0
2019-07-10,2,p,P11-4,48,11-BD,11,54,63,250,242,0
2019-07-10,2,p,P3-4,48,7-BI,3,66,102,250,250,0
2019-07-10,2,p,P3-4,48,7-BI,3,46,41,250,250,0
2019-07-10,2,p,P3-4,48,7-BI,3,63,96,250,250,0
2019-07-10,2,r,R2-3,96,7-BD,2,84,243,250,248,0
2019-07-10,2,r,R2-3,96,7-BD,2,38,24,250,248,0
2019-07-10,2,p,P44-4,48,8-BD,44,59,70,250,213,4
2019-07-10,2,p,P44-4,48,8-BD,44,69,109,250,213,4
2019-07-10,2,p,P44-4,48,8-BD,44,35,15,250,213,4
2019-07-10,2,p,P44-4,48,8-BD,44,62,91,250,213,4
2019-07-10,2,p,P44-4,48,8-BD,44,56,65,250,213,4
2019-07-10,2,p,P44-4,48,8-BD,44,50,53,250,213,4
2019-07-10,2,p,P44-4,48,8-BD,44,61,81,250,213,4
2019-07-10,2,p,P44-4,48,8-BD,44,57,74,250,213,4
2019-07-10,2,p,P44-4,48,8-BD,44,50,50,250,213,4
2019-07-10,2,p,P44-4,48,8-BD,44,44,34,250,213,4
2019-07-10,2,p,P44-4,48,8-BD,44,60,76,250,213,4
2019-07-10,2,p,P44-4,48,8-BD,44,59,83,250,213,4
2019-07-10,2,p,P44-4,48,8-BD,44,53,52,250,213,4
2019-07-10,2,p,P44-4,48,8-BD,44,59,78,250,213,4
2019-07-10,2,p,P44-4,48,8-BD,44,47,45,250,213,4
2019-07-10,2,p,P44-4,48,8-BD,44,53,65,250,213,4
2019-07-10,2,p,P44-4,48,8-BD,44,56,71,250,213,4
2019-07-10,2,p,P44-4,48,8-BD,44,52,62,250,213,4
2019-07-10,2,p,P44-4,48,8-BD,44,59,72,250,213,4
2019-07-10,2,p,P44-4,48,8-BD,44,51,66,250,213,4
2019-07-10,2,p,P44-4,48,8-BD,44,63,91,250,213,4
2019-07-10,2,p,P44-4,48,8-BD,44,65,92,250,213,4
2019-07-10,2,p,P44-4,48,8-BD,44,60,80,250,213,4
2019-07-10,2,p,P44-4,48,8-BD,44,51,60,250,213,4
2019-07-10,2,p,P44-4,48,8-BD,44,55,68,250,213,4
2019-07-10,2,p,P44-4,48,8-BD,44,63,91,250,213,4
2019-07-10,2,p,P44-4,48,8-BD,44,55,64,250,213,4
2019-07-10,2,p,P44-4,48,8-BD,44,54,68,250,213,4
2019-07-10,2,p,P44-4,48,8-BD,44,45,34,250,213,4
2019-07-10,2,p,P44-4,48,8-BD,44,70,153,250,213,4
2019-07-10,2,p,P44-4,48,8-BD,44,57,72,250,213,4
2019-07-10,2,p,P44-4,48,8-BD,44,45,36,250,213,4
2019-07-10,2,p,P44-4,48,8-BD,44,52,59,250,213,4
2019-07-10,2,p,P44-4,48,8-BD,44,35,17,250,213,4
2019-07-10,2,p,P44-4,48,8-BD,44,60,83,250,213,4
2019-07-10,2,p,P44-4,48,8-BD,44,56,80,250,213,4
2019-07-10,2,p,P44-4,48,8-BD,44,55,63,250,213,4
2019-07-10,2,p,P44-4,48,8-BD,44,39,23,250,213,4
2019-07-10,2,p,P44-4,48,8-BD,44,58,72,250,213,4
2019-07-10,2,p,P44-4,48,8-BD,44,59,83,250,213,4
2019-07-10,2,p,P44-4,48,8-BD,44,51,65,250,213,4
2019-07-10,2,p,P44-4,48,8-BD,44,63,99,250,213,4
2019-07-10,2,p,P44-4,48,8-BD,44,40,32,250,213,4
2019-07-10,2,p,P44-4,48,8-BD,44,49,42,250,213,4
2019-07-10,2,r,R5-3,96,8-BI,5,99,331,250,235,0
2019-07-10,2,r,R5-3,96,8-BI,5,101,394,250,235,0
2019-07-10,2,r,R5-3,96,8-BI,5,47,43,250,235,0
2019-07-10,2,r,R5-3,96,8-BI,5,85,233,250,235,0
2019-07-10,2,r,R5-3,96,8-BI,5,44,32,250,235,0
2019-07-10,2,r,R7-3,96,12-TD,7,87,266,251,230,0
2019-07-10,2,r,R7-3,96,12-TD,7,85,233,251,230,0
2019-07-10,2,r,R7-3,96,12-TD,7,84,275,251,230,0
2019-07-10,2,r,R7-3,96,12-TD,7,45,42,251,230,0
2019-07-10,2,r,R7-3,96,12-TD,7,80,259,251,230,0
2019-07-10,2,r,R7-3,96,12-TD,7,82,249,251,230,0
2019-07-10,2,r,R7-3,96,12-TD,7,67,135,251,230,0
2019-07-10,2,p,P19-4,48,12-TI,19,52,57,249,231,0
2019-07-10,2,p,P19-4,48,12-TI,19,59,75,249,231,0
2019-07-10,2,p,P19-4,48,12-TI,19,60,82,249,231,0
2019-07-10,2,p,P19-4,48,12-TI,19,59,74,249,231,0
2019-07-10,2,p,P19-4,48,12-TI,19,51,56,249,231,0
2019-07-10,2,p,P19-4,48,12-TI,19,49,43,249,231,0
2019-07-10,2,p,P19-4,48,12-TI,19,55,70,249,231,0
2019-07-10,2,p,P19-4,48,12-TI,19,62,95,249,231,0
2019-07-10,2,p,P19-4,48,12-TI,19,49,41,249,231,0
2019-07-10,2,p,P19-4,48,12-TI,19,55,62,249,231,0
2019-07-10,2,p,P19-4,48,12-TI,19,63,103,249,231,0
2019-07-10,2,p,P19-4,48,12-TI,19,55,73,249,231,0
2019-07-10,2,p,P19-4,48,12-TI,19,52,53,249,231,0
2019-07-10,2,p,P19-4,48,12-TI,19,56,73,249,231,0
2019-07-10,2,p,P19-4,48,12-TI,19,44,29,249,231,0
2019-07-10,2,p,P19-4,48,12-TI,19,55,63,249,231,0
2019-07-10,2,p,P19-4,48,12-TI,19,61,71,249,231,0
2019-07-10,2,p,P19-4,48,12-TI,19,52,72,249,231,0
2019-07-10,2,p,P19-4,48,12-TI,19,61,82,249,231,0
2019-07-10,2,r,R12-3,96,9-BD,12,90,337,249,217,0
2019-07-10,2,r,R12-3,96,9-BD,12,55,77,249,217,0
2019-07-10,2,r,R12-3,96,9-BD,12,81,218,249,217,0
2019-07-10,2,r,R12-3,96,9-BD,12,75,198,249,217,0
2019-07-10,2,r,R12-3,96,9-BD,12,77,251,249,217,0
2019-07-10,2,r,R12-3,96,9-BD,12,86,241,249,217,0
2019-07-10,2,r,R12-3,96,9-BD,12,82,205,249,217,0
2019-07-10,2,r,R12-3,96,9-BD,12,81,217,249,217,0
2019-07-10,2,r,R12-3,96,9-BD,12,82,255,249,217,0
2019-07-10,2,r,R12-3,96,9-BD,12,86,284,249,217,0
2019-07-10,2,r,R12-3,96,9-BD,12,89,270,249,217,0
2019-07-10,2,r,R12-3,96,9-BD,12,86,258,249,217,0
2019-07-10,2,p,P22-4,48,13-BD,22,57,67,249,242,2
2019-07-10,2,p,P22-4,48,13-BD,22,53,74,249,242,2
2019-07-10,2,p,P22-4,48,13-BD,22,53,66,249,242,2
2019-07-10,2,p,P22-4,48,13-BD,22,61,75,249,242,2
2019-07-10,2,p,P22-4,48,13-BD,22,54,59,249,242,2
2019-07-10,2,p,P22-4,48,13-BD,22,70,122,249,242,2
2019-07-10,2,p,P22-4,48,13-BD,22,62,77,249,242,2
2019-07-10,2,p,P22-4,48,13-BD,22,47,42,249,242,2
2019-07-10,2,p,P22-4,48,13-BD,22,48,41,249,242,2
2019-07-10,2,p,P22-4,48,13-BD,22,59,72,249,242,2
2019-07-10,2,p,P22-4,48,13-BD,22,63,104,249,242,2
2019-07-10,2,p,P22-4,48,13-BD,22,59,76,249,242,2
2019-07-10,2,p,P22-4,48,13-BD,22,69,120,249,242,2
2019-07-10,2,p,P22-4,48,13-BD,22,65,91,249,242,2
2019-07-10,2,p,P22-4,48,13-BD,22,68,114,249,242,2
2019-07-10,2,p,P22-4,48,13-BD,22,58,79,249,242,2
2019-07-10,2,p,P22-4,48,13-BD,22,57,73,249,242,2
2019-07-10,2,p,P22-4,48,13-BD,22,61,82,249,242,2
2019-07-10,2,p,P22-4,48,13-BD,22,60,84,249,242,2
2019-07-10,2,p,P22-4,48,13-BD,22,62,94,249,242,2
2019-07-10,2,p,P22-4,48,13-BD,22,55,82,249,242,2
2019-07-10,2,p,P22-4,48,13-BD,22,44,30,249,242,2
2019-07-10,2,p,P24-4,48,7-TI,24,57,65,250,205,0
2019-07-10,2,p,P24-4,48,7-TI,24,65,96,250,205,0
2019-07-10,2,p,P24-4,48,7-TI,24,69,124,250,205,0
2019-07-10,2,p,P24-4,48,7-TI,24,59,73,250,205,0
2019-07-10,2,p,P24-4,48,7-TI,24,70,129,250,205,0
2019-07-10,2,p,P24-4,48,7-TI,24,61,91,250,205,0
2019-07-10,2,p,P24-4,48,7-TI,24,55,72,250,205,0
2019-07-10,2,p,P24-4,48,7-TI,24,48,44,250,205,0
2019-07-10,2,p,P24-4,48,7-TI,24,70,129,250,205,0
2019-07-10,2,p,P24-4,48,7-TI,24,48,43,250,205,0
2019-07-10,2,p,P24-4,48,7-TI,24,62,91,250,205,0
2019-07-10,2,p,P24-4,48,7-TI,24,56,64,250,205,0
2019-07-10,2,p,P24-4,48,7-TI,24,49,42,250,205,0
2019-07-10,2,p,P24-4,48,7-TI,24,59,74,250,205,0
2019-07-10,2,p,P24-4,48,7-TI,24,58,71,250,205,0
2019-07-10,2,p,P24-4,48,7-TI,24,58,72,250,205,0
2019-07-10,2,p,P24-4,48,7-TI,24,60,91,250,205,0
2019-07-10,2,p,P24-4,48,7-TI,24,56,78,250,205,0
2019-07-10,2,p,P24-4,48,7-TI,24,51,50,250,205,0
2019-07-10,2,p,P24-4,48,7-TI,24,58,78,250,205,0
2019-07-10,2,p,P24-4,48,7-TI,24,56,68,250,205,0
2019-07-10,2,p,P24-4,48,7-TI,24,57,77,250,205,0
2019-07-10,2,p,P24-4,48,7-TI,24,57,60,250,205,0
2019-07-10,2,p,P24-4,48,7-TI,24,58,73,250,205,0