date,trial_number,p_r,trial_id,tank,tank_size,urchin_density,urchin_size,urchin_mass,tank_biomass,ad_lib_feeding,days_starved,time_in,,time_out,,time out_r,total_time,total_time_r,kelp_in1,kelp_in2,kelp_in3,kelp_in_total,kelp_out1,kelp_out2,kelp_out_R,Kelp_out_total,kelp_consumed,kelp_per_urchin,mortality,notes
7/3/19,1,p,P7-1,1-BI,1.6,7,65,110,490,8,5,14:49,,13:00,,,46.18333333,,99,99.5,50.7,249.2,140.4,83.3,,223.7,25.5,,,
7/3/19,1,p,P7-1,1-BI,1.6,7,69,122,490,8,5,,,,,,46.18333333,,99,99.5,50.7,249.2,140.4,83.3,,223.7,25.5,,,
7/3/19,1,p,P7-1,1-BI,1.6,7,54,67,490,8,5,,,,,,46.18333333,,99,99.5,50.7,249.2,140.4,83.3,,223.7,25.5,,,
7/3/19,1,p,P7-1,1-BI,1.6,7,49,58,490,8,5,,,,,,46.18333333,,99,99.5,50.7,249.2,140.4,83.3,,223.7,25.5,,,
7/3/19,1,p,P7-1,1-BI,1.6,7,49,54,490,8,5,,,,,,46.18333333,,99,99.5,50.7,249.2,140.4,83.3,,223.7,25.5,,,
7/3/19,1,p,P7-1,1-BI,1.6,7,43,31,490,8,5,,,,,,46.18333333,,99,99.5,50.7,249.2,140.4,83.3,,223.7,25.5,,,
7/3/19,1,p,P7-1,1-BI,1.6,7,48,48,490,8,5,,,,,,46.18333333,,99,99.5,50.7,249.2,140.4,83.3,,223.7,25.5,,,
7/3/19,1,r,R1-1,1-BD,1.6,1,87,229,229,8,5,14:50,,13:22,,13:15,46.53333333,94.41666667,99.2,99,50.4,248.6,166,80.4,233.2,479.6,15.4,,,
7/3/19,1,r,R7-1,2-BI,1.6,7,81,209,897,8,5,14:51,,13:30,,13:18,46.65,94.45,99.5,99.4,50.1,249,115.7,101,183.1,399.8,65.9,,,
7/3/19,1,r,R7-1,2-BI,1.6,7,84,265,897,8,5,,,,,,46.65,94.45,99.5,99.4,50.1,249,115.7,101,183.1,216.7,65.9,,,
7/3/19,1,r,R7-1,2-BI,1.6,7,70,127,897,8,5,,,,,,46.65,94.45,99.5,99.4,50.1,249,115.7,101,183.1,216.7,65.9,,,
7/3/19,1,r,R7-1,2-BI,1.6,7,66,157,897,8,5,,,,,,46.65,94.45,99.5,99.4,50.1,249,115.7,101,183.1,216.7,65.9,,,
7/3/19,1,r,R7-1,2-BI,1.6,7,38,31,897,8,5,,,,,,46.65,94.45,99.5,99.4,50.1,249,115.7,101,183.1,216.7,65.9,,,
7/3/19,1,r,R7-1,2-BI,1.6,7,46,49,897,8,5,,,,,,46.65,94.45,99.5,99.4,50.1,249,115.7,101,183.1,216.7,65.9,,,
7/3/19,1,r,R7-1,2-BI,1.6,7,48,59,897,8,5,,,,,,46.65,94.45,99.5,99.4,50.1,249,115.7,101,183.1,216.7,65.9,,,
7/3/19,1,p,P22-1,2-BD,1.6,22,54,69,1472,8,5,14:51,,13:05,,,46.23333333,,99.6,99.8,50.4,249.8,199.5,0,,199.5,50.3,,,
7/3/19,1,p,P22-1,2-BD,1.6,22,57,78,1472,8,5,,,,,,46.23333333,,99.6,99.8,50.4,249.8,199.5,0,,199.5,50.3,,,
7/3/19,1,p,P22-1,2-BD,1.6,22,49,57,1472,8,5,,,,,,46.23333333,,99.6,99.8,50.4,249.8,199.5,0,,199.5,50.3,,,
7/3/19,1,p,P22-1,2-BD,1.6,22,65,95,1472,8,5,,,,,,46.23333333,,99.6,99.8,50.4,249.8,199.5,0,,199.5,50.3,,,
7/3/19,1,p,P22-1,2-BD,1.6,22,64,99,1472,8,5,,,,,,46.23333333,,99.6,99.8,50.4,249.8,199.5,0,,199.5,50.3,,,
7/3/19,1,p,P22-1,2-BD,1.6,22,51,57,1472,8,5,,,,,,46.23333333,,99.6,99.8,50.4,249.8,199.5,0,,199.5,50.3,,,
7/3/19,1,p,P22-1,2-BD,1.6,22,53,64,1472,8,5,,,,,,46.23333333,,99.6,99.8,50.4,249.8,199.5,0,,199.5,50.3,,,
7/3/19,1,p,P22-1,2-BD,1.6,22,57,79,1472,8,5,,,,,,46.23333333,,99.6,99.8,50.4,249.8,199.5,0,,199.5,50.3,,,
7/3/19,1,p,P22-1,2-BD,1.6,22,57,83,1472,8,5,,,,,,46.23333333,,99.6,99.8,50.4,249.8,199.5,0,,199.5,50.3,,,
7/3/19,1,p,P22-1,2-BD,1.6,22,53,75,1472,8,5,,,,,,46.23333333,,99.6,99.8,50.4,249.8,199.5,0,,199.5,50.3,,,
7/3/19,1,p,P22-1,2-BD,1.6,22,50,46,1472,8,5,,,,,,46.23333333,,99.6,99.8,50.4,249.8,199.5,0,,199.5,50.3,,,
7/3/19,1,p,P22-1,2-BD,1.6,22,50,47,1472,8,5,,,,,,46.23333333,,99.6,99.8,50.4,249.8,199.5,0,,199.5,50.3,,,
7/3/19,1,p,P22-1,2-BD,1.6,22,68,126,1472,8,5,,,,,,46.23333333,,99.6,99.8,50.4,249.8,199.5,0,,199.5,50.3,,,
7/3/19,1,p,P22-1,2-BD,1.6,22,57,76,1472,8,5,,,,,,46.23333333,,99.6,99.8,50.4,249.8,199.5,0,,199.5,50.3,,,
7/3/19,1,p,P22-1,2-BD,1.6,22,49,50,1472,8,5,,,,,,46.23333333,,99.6,99.8,50.4,249.8,199.5,0,,199.5,50.3,,,
7/3/19,1,p,P22-1,2-BD,1.6,22,44,43,1472,8,5,,,,,,46.23333333,,99.6,99.8,50.4,249.8,199.5,0,,199.5,50.3,,,
7/3/19,1,p,P22-1,2-BD,1.6,22,42,40,1472,8,5,,,,,,46.23333333,,99.6,99.8,50.4,249.8,199.5,0,,199.5,50.3,,,
7/3/19,1,p,P22-1,2-BD,1.6,22,65,94,1472,8,5,,,,,,46.23333333,,99.6,99.8,50.4,249.8,199.5,0,,199.5,50.3,,,
7/3/19,1,p,P22-1,2-BD,1.6,22,56,76,1472,8,5,,,,,,46.23333333,,99.6,99.8,50.4,249.8,199.5,0,,199.5,50.3,,,
7/3/19,1,p,P22-1,2-BD,1.6,22,51,51,1472,8,5,,,,,,46.23333333,,99.6,99.8,50.4,249.8,199.5,0,,199.5,50.3,,,
7/3/19,1,p,P22-1,2-BD,1.6,22,39,25,1472,8,5,,,,,,46.23333333,,99.6,99.8,50.4,249.8,199.5,0,,199.5,50.3,,,
7/3/19,1,p,P22-1,2-BD,1.6,22,46,42,1472,8,5,,,,,,46.23333333,,99.6,99.8,50.4,249.8,199.5,0,,199.5,50.3,,,
7/3/19,1,p,P3-1,3-BI,1.6,3,69,137,301,8,5,14:52,,13:47,,,46.91666667,,99.8,99.6,50.9,250.3,130.5,99.1,,229.6,20.7,,,
7/3/19,1,p,P3-1,3-BI,1.6,3,46,42,301,8,5,,,,,,46.91666667,,99.8,99.6,50.9,250.3,130.5,99.1,,229.6,20.7,,,
7/3/19,1,p,P3-1,3-BI,1.6,3,68,122,301,8,5,,,,,,46.91666667,,99.8,99.6,50.9,250.3,130.5,99.1,,229.6,20.7,,,
7/3/19,1,p,P44-1,3-BD,1.6,44,44,36,2809,8,5,14:53,,13:36,,,46.71666667,,99.8,99.8,50.9,250.5,165.1,0,,165.1,85.4,,,
7/3/19,1,p,P44-1,3-BD,1.6,44,54,65,2809,8,5,,,,,,46.71666667,,99.8,99.8,50.9,250.5,165.1,0,,165.1,85.4,,,
7/3/19,1,p,P44-1,3-BD,1.6,44,55,68,2809,8,5,,,,,,46.71666667,,99.8,99.8,50.9,250.5,165.1,0,,165.1,85.4,,,
7/3/19,1,p,P44-1,3-BD,1.6,44,65,110,2809,8,5,,,,,,46.71666667,,99.8,99.8,50.9,250.5,165.1,0,,165.1,85.4,,,
7/3/19,1,p,P44-1,3-BD,1.6,44,56,72,2809,8,5,,,,,,46.71666667,,99.8,99.8,50.9,250.5,165.1,0,,165.1,85.4,,,
7/3/19,1,p,P44-1,3-BD,1.6,44,58,74,2809,8,5,,,,,,46.71666667,,99.8,99.8,50.9,250.5,165.1,0,,165.1,85.4,,,
7/3/19,1,p,P44-1,3-BD,1.6,44,49,39,2809,8,5,,,,,,46.71666667,,99.8,99.8,50.9,250.5,165.1,0,,165.1,85.4,,,
7/3/19,1,p,P44-1,3-BD,1.6,44,62,77,2809,8,5,,,,,,46.71666667,,99.8,99.8,50.9,250.5,165.1,0,,165.1,85.4,,,
7/3/19,1,p,P44-1,3-BD,1.6,44,61,87,2809,8,5,,,,,,46.71666667,,99.8,99.8,50.9,250.5,165.1,0,,165.1,85.4,,,
7/3/19,1,p,P44-1,3-BD,1.6,44,56,74,2809,8,5,,,,,,46.71666667,,99.8,99.8,50.9,250.5,165.1,0,,165.1,85.4,,,
7/3/19,1,p,P44-1,3-BD,1.6,44,48,43,2809,8,5,,,,,,46.71666667,,99.8,99.8,50.9,250.5,165.1,0,,165.1,85.4,,,
7/3/19,1,p,P44-1,3-BD,1.6,44,53,63,2809,8,5,,,,,,46.71666667,,99.8,99.8,50.9,250.5,165.1,0,,165.1,85.4,,,
7/3/19,1,p,P44-1,3-BD,1.6,44,43,31,2809,8,5,,,,,,46.71666667,,99.8,99.8,50.9,250.5,165.1,0,,165.1,85.4,,,
7/3/19,1,p,P44-1,3-BD,1.6,44,51,50,2809,8,5,,,,,,46.71666667,,99.8,99.8,50.9,250.5,165.1,0,,165.1,85.4,,,
7/3/19,1,p,P44-1,3-BD,1.6,44,57,71,2809,8,5,,,,,,46.71666667,,99.8,99.8,50.9,250.5,165.1,0,,165.1,85.4,,,
7/3/19,1,p,P44-1,3-BD,1.6,44,37,25,2809,8,5,,,,,,46.71666667,,99.8,99.8,50.9,250.5,165.1,0,,165.1,85.4,,,
7/3/19,1,p,P44-1,3-BD,1.6,44,44,37,2809,8,5,,,,,,46.71666667,,99.8,99.8,50.9,250.5,165.1,0,,165.1,85.4,,,
7/3/19,1,p,P44-1,3-BD,1.6,44,51,51,2809,8,5,,,,,,46.71666667,,99.8,99.8,50.9,250.5,165.1,0,,165.1,85.4,,,
7/3/19,1,p,P44-1,3-BD,1.6,44,38,23,2809,8,5,,,,,,46.71666667,,99.8,99.8,50.9,250.5,165.1,0,,165.1,85.4,,,
7/3/19,1,p,P44-1,3-BD,1.6,44,54,71,2809,8,5,,,,,,46.71666667,,99.8,99.8,50.9,250.5,165.1,0,,165.1,85.4,,,
7/3/19,1,p,P44-1,3-BD,1.6,44,69,117,2809,8,5,,,,,,46.71666667,,99.8,99.8,50.9,250.5,165.1,0,,165.1,85.4,,,
7/3/19,1,p,P44-1,3-BD,1.6,44,37,23,2809,8,5,,,,,,46.71666667,,99.8,99.8,50.9,250.5,165.1,0,,165.1,85.4,,,
7/3/19,1,p,P44-1,3-BD,1.6,44,54,58,2809,8,5,,,,,,46.71666667,,99.8,99.8,50.9,250.5,165.1,0,,165.1,85.4,,,
7/3/19,1,p,P44-1,3-BD,1.6,44,53,57,2809,8,5,,,,,,46.71666667,,99.8,99.8,50.9,250.5,165.1,0,,165.1,85.4,,,
7/3/19,1,p,P44-1,3-BD,1.6,44,53,51,2809,8,5,,,,,,46.71666667,,99.8,99.8,50.9,250.5,165.1,0,,165.1,85.4,,,
7/3/19,1,p,P44-1,3-BD,1.6,44,48,37,2809,8,5,,,,,,46.71666667,,99.8,99.8,50.9,250.5,165.1,0,,165.1,85.4,,,
7/3/19,1,p,P44-1,3-BD,1.6,44,50,57,2809,8,5,,,,,,46.71666667,,99.8,99.8,50.9,250.5,165.1,0,,165.1,85.4,,,
7/3/19,1,p,P44-1,3-BD,1.6,44,69,127,2809,8,5,,,,,,46.71666667,,99.8,99.8,50.9,250.5,165.1,0,,165.1,85.4,,,
7/3/19,1,p,P44-1,3-BD,1.6,44,61,93,2809,8,5,,,,,,46.71666667,,99.8,99.8,50.9,250.5,165.1,0,,165.1,85.4,,,
7/3/19,1,p,P44-1,3-BD,1.6,44,60,97,2809,8,5,,,,,,46.71666667,,99.8,99.8,50.9,250.5,165.1,0,,165.1,85.4,,,
7/3/19,1,p,P44-1,3-BD,1.6,44,56,73,2809,8,5,,,,,,46.71666667,,99.8,99.8,50.9,250.5,165.1,0,,165.1,85.4,,,
7/3/19,1,p,P44-1,3-BD,1.6,44,52,62,2809,8,5,,,,,,46.71666667,,99.8,99.8,50.9,250.5,165.1,0,,165.1,85.4,,,
7/3/19,1,p,P44-1,3-BD,1.6,44,44,40,2809,8,5,,,,,,46.71666667,,99.8,99.8,50.9,250.5,165.1,0,,165.1,85.4,,,
7/3/19,1,p,P44-1,3-BD,1.6,44,49,47,2809,8,5,,,,,,46.71666667,,99.8,99.8,50.9,250.5,165.1,0,,165.1,85.4,,,
7/3/19,1,p,P44-1,3-BD,1.6,44,44,37,2809,8,5,,,,,,46.71666667,,99.8,99.8,50.9,250.5,165.1,0,,165.1,85.4,,,
7/3/19,1,p,P44-1,3-BD,1.6,44,66,110,2809,8,5,,,,,,46.71666667,,99.8,99.8,50.9,250.5,165.1,0,,165.1,85.4,,,
7/3/19,1,p,P44-1,3-BD,1.6,44,48,48,2809,8,5,,,,,,46.71666667,,99.8,99.8,50.9,250.5,165.1,0,,165.1,85.4,,,
7/3/19,1,p,P44-1,3-BD,1.6,44,61,101,2809,8,5,,,,,,46.71666667,,99.8,99.8,50.9,250.5,165.1,0,,165.1,85.4,,,
7/3/19,1,p,P44-1,3-BD,1.6,44,47,43,2809,8,5,,,,,,46.71666667,,99.8,99.8,50.9,250.5,165.1,0,,165.1,85.4,,,
7/3/19,1,p,P44-1,3-BD,1.6,44,37,19,2809,8,5,,,,,,46.71666667,,99.8,99.8,50.9,250.5,165.1,0,,165.1,85.4,,,
7/3/19,1,p,P44-1,3-BD,1.6,44,60,101,2809,8,5,,,,,,46.71666667,,99.8,99.8,50.9,250.5,165.1,0,,165.1,85.4,,,
7/3/19,1,p,P44-1,3-BD,1.6,44,62,120,2809,8,5,,,,,,46.71666667,,99.8,99.8,50.9,250.5,165.1,0,,165.1,85.4,,,
7/3/19,1,p,P44-1,3-BD,1.6,44,49,42,2809,8,5,,,,,,46.71666667,,99.8,99.8,50.9,250.5,165.1,0,,165.1,85.4,,,
7/3/19,1,p,P44-1,3-BD,1.6,44,56,82,2809,8,5,,,,,,46.71666667,,99.8,99.8,50.9,250.5,165.1,0,,165.1,85.4,,,
7/3/19,1,r,R12-1,4-BI,1.6,12,68,140,2309,8,5,14:53,,13:54,,13:27,47.01666667,94.56666667,99.9,99.4,50.6,249.9,128.6,69.9,135.6,334.1,114.3,,,
7/3/19,1,r,R12-1,4-BI,1.6,12,81,241,2309,8,5,,,,,,47.01666667,94.56666667,99.9,99.4,50.6,249.9,128.6,69.9,135.6,198.5,114.3,,,
7/3/19,1,r,R12-1,4-BI,1.6,12,70,182,2309,8,5,,,,,,47.01666667,94.56666667,99.9,99.4,50.6,249.9,128.6,69.9,135.6,198.5,114.3,,,
7/3/19,1,r,R12-1,4-BI,1.6,12,73,179,2309,8,5,,,,,,47.01666667,94.56666667,99.9,99.4,50.6,249.9,128.6,69.9,135.6,198.5,114.3,,,
7/3/19,1,r,R12-1,4-BI,1.6,12,83,269,2309,8,5,,,,,,47.01666667,94.56666667,99.9,99.4,50.6,249.9,128.6,69.9,135.6,198.5,114.3,,,
7/3/19,1,r,R12-1,4-BI,1.6,12,73,171,2309,8,5,,,,,,47.01666667,94.56666667,99.9,99.4,50.6,249.9,128.6,69.9,135.6,198.5,114.3,,,
7/3/19,1,r,R12-1,4-BI,1.6,12,78,241,2309,8,5,,,,,,47.01666667,94.56666667,99.9,99.4,50.6,249.9,128.6,69.9,135.6,198.5,114.3,,,
7/3/19,1,r,R12-1,4-BI,1.6,12,45,41,2309,8,5,,,,,,47.01666667,94.56666667,99.9,99.4,50.6,249.9,128.6,69.9,135.6,198.5,114.3,,,
7/3/19,1,r,R12-1,4-BI,1.6,12,74,210,2309,8,5,,,,,,47.01666667,94.56666667,99.9,99.4,50.6,249.9,128.6,69.9,135.6,198.5,114.3,,,
7/3/19,1,r,R12-1,4-BI,1.6,12,80,246,2309,8,5,,,,,,47.01666667,94.56666667,99.9,99.4,50.6,249.9,128.6,69.9,135.6,198.5,114.3,,,
7/3/19,1,r,R12-1,4-BI,1.6,12,71,136,2309,8,5,,,,,,47.01666667,94.56666667,99.9,99.4,50.6,249.9,128.6,69.9,135.6,198.5,114.3,,,
7/3/19,1,r,R12-1,4-BI,1.6,12,89,253,2309,8,5,,,,,,47.01666667,94.56666667,99.9,99.4,50.6,249.9,128.6,69.9,135.6,198.5,114.3,,,
7/3/19,1,p,P11-1,4-BD,1.6,11,61,111,879,8,5,14:54,,13:50,,,46.93333333,,99.5,99.8,50.5,249.8,128.1,115,,243.1,6.7,,,
7/3/19,1,p,P11-1,4-BD,1.6,11,53,62,879,8,5,,,,,,46.93333333,,99.5,99.8,50.5,249.8,128.1,115,,243.1,6.7,,,
7/3/19,1,p,P11-1,4-BD,1.6,11,59,88,879,8,5,,,,,,46.93333333,,99.5,99.8,50.5,249.8,128.1,115,,243.1,6.7,,,
7/3/19,1,p,P11-1,4-BD,1.6,11,66,116,879,8,5,,,,,,46.93333333,,99.5,99.8,50.5,249.8,128.1,115,,243.1,6.7,,,
7/3/19,1,p,P11-1,4-BD,1.6,11,56,74,879,8,5,,,,,,46.93333333,,99.5,99.8,50.5,249.8,128.1,115,,243.1,6.7,,,
7/3/19,1,p,P11-1,4-BD,1.6,11,61,87,879,8,5,,,,,,46.93333333,,99.5,99.8,50.5,249.8,128.1,115,,243.1,6.7,,,
7/3/19,1,p,P11-1,4-BD,1.6,11,53,59,879,8,5,,,,,,46.93333333,,99.5,99.8,50.5,249.8,128.1,115,,243.1,6.7,,,
7/3/19,1,p,P11-1,4-BD,1.6,11,61,92,879,8,5,,,,,,46.93333333,,99.5,99.8,50.5,249.8,128.1,115,,243.1,6.7,,,
7/3/19,1,p,P11-1,4-BD,1.6,11,53,57,879,8,5,,,,,,46.93333333,,99.5,99.8,50.5,249.8,128.1,115,,243.1,6.7,,,
7/3/19,1,p,P11-1,4-BD,1.6,11,56,74,879,8,5,,,,,,46.93333333,,99.5,99.8,50.5,249.8,128.1,115,,243.1,6.7,,,
7/3/19,1,p,P11-1,4-BD,1.6,11,50,59,879,8,5,,,,,,46.93333333,,99.5,99.8,50.5,249.8,128.1,115,,243.1,6.7,,,
7/3/19,1,p,P2-1,5-TI,1.6,2,53,59,101,8,5,15:44,,14:00,,,46.26666667,,99.8,99.5,50.3,249.6,121,130.5,,251.5,-1.9,,,
7/3/19,1,p,P2-1,5-TI,1.6,2,49,42,101,8,5,,,,,,46.26666667,,99.8,99.5,50.3,249.6,121,130.5,,251.5,-1.9,,,
7/3/19,1,r,R3-1,5-TD,1.6,3,76,197,643,8,5,15:44,,13:56,,13:24,46.2,93.66666667,99.8,99.2,50.9,249.9,131.2,120,220.9,472.1,29,,,
7/3/19,1,r,R3-1,5-TD,1.6,3,73,231,643,8,5,,,,,,46.2,93.66666667,99.8,99.2,50.9,249.9,131.2,120,220.9,472.1,29,,,
7/3/19,1,r,R3-1,5-TD,1.6,3,76,215,643,8,5,,,,,,46.2,93.66666667,99.8,99.2,50.9,249.9,131.2,120,220.9,472.1,29,,,
7/3/19,1,p,P7-2,5-BI,1.6,7,36,20,513,8,5,16:06,,14:05,,,45.98333333,,99.9,99.7,50.9,250.5,133.4,101.9,,235.3,15.2,,,
7/3/19,1,p,P7-2,5-BI,1.6,7,67,130,513,8,5,,,,,,45.98333333,,99.9,99.7,50.9,250.5,133.4,101.9,,235.3,15.2,,,
7/3/19,1,p,P7-2,5-BI,1.6,7,53,62,513,8,5,,,,,,45.98333333,,99.9,99.7,50.9,250.5,133.4,101.9,,235.3,15.2,,,
7/3/19,1,p,P7-2,5-BI,1.6,7,45,39,513,8,5,,,,,,45.98333333,,99.9,99.7,50.9,250.5,133.4,101.9,,235.3,15.2,,,
7/3/19,1,p,P7-2,5-BI,1.6,7,38,22,513,8,5,,,,,,45.98333333,,99.9,99.7,50.9,250.5,133.4,101.9,,235.3,15.2,,,
7/3/19,1,p,P7-2,5-BI,1.6,7,63,118,513,8,5,,,,,,45.98333333,,99.9,99.7,50.9,250.5,133.4,101.9,,235.3,15.2,,,
7/3/19,1,p,P7-2,5-BI,1.6,7,65,122,513,8,5,,,,,,45.98333333,,99.9,99.7,50.9,250.5,133.4,101.9,,235.3,15.2,,,
7/3/19,1,p,P7-3,5-BD,1.6,7,48,43,500,8,5,15:51,,14:03,,,46.2,,99.6,99.9,50.8,250.3,130.6,116.3,,246.9,3.4,,,
7/3/19,1,p,P7-3,5-BD,1.6,7,60,102,500,8,5,,,,,,46.2,,99.6,99.9,50.8,250.3,130.6,116.3,,246.9,3.4,,,
7/3/19,1,p,P7-3,5-BD,1.6,7,44,35,500,8,5,,,,,,46.2,,99.6,99.9,50.8,250.3,130.6,116.3,,246.9,3.4,,,
7/3/19,1,p,P7-3,5-BD,1.6,7,57,95,500,8,5,,,,,,46.2,,99.6,99.9,50.8,250.3,130.6,116.3,,246.9,3.4,,,
7/3/19,1,p,P7-3,5-BD,1.6,7,69,130,500,8,5,,,,,,46.2,,99.6,99.9,50.8,250.3,130.6,116.3,,246.9,3.4,,,
7/3/19,1,p,P7-3,5-BD,1.6,7,43,30,500,8,5,,,,,,46.2,,99.6,99.9,50.8,250.3,130.6,116.3,,246.9,3.4,,,
7/3/19,1,p,P7-3,5-BD,1.6,7,54,65,500,8,5,,,,,,46.2,,99.6,99.9,50.8,250.3,130.6,116.3,,246.9,3.4,,,
7/3/19,1,p,P19-1,6-TI,1.6,19,49,31,1218,8,5,16:17,,14:34,,,46.28333333,,99.2,99.4,50.8,249.4,124.6,86.1,,210.7,38.7,,,
7/3/19,1,p,P19-1,6-TI,1.6,19,51,57,1218,8,5,,,,,,46.28333333,,99.2,99.4,50.8,249.4,124.6,86.1,,210.7,38.7,,,
7/3/19,1,p,P19-1,6-TI,1.6,19,49,51,1218,8,5,,,,,,46.28333333,,99.2,99.4,50.8,249.4,124.6,86.1,,210.7,38.7,,,
7/3/19,1,p,P19-1,6-TI,1.6,19,38,23,1218,8,5,,,,,,46.28333333,,99.2,99.4,50.8,249.4,124.6,86.1,,210.7,38.7,,,
7/3/19,1,p,P19-1,6-TI,1.6,19,60,89,1218,8,5,,,,,,46.28333333,,99.2,99.4,50.8,249.4,124.6,86.1,,210.7,38.7,,,
7/3/19,1,p,P19-1,6-TI,1.6,19,63,95,1218,8,5,,,,,,46.28333333,,99.2,99.4,50.8,249.4,124.6,86.1,,210.7,38.7,,,
7/3/19,1,p,P19-1,6-TI,1.6,19,48,45,1218,8,5,,,,,,46.28333333,,99.2,99.4,50.8,249.4,124.6,86.1,,210.7,38.7,,,
7/3/19,1,p,P19-1,6-TI,1.6,19,46,48,1218,8,5,,,,,,46.28333333,,99.2,99.4,50.8,249.4,124.6,86.1,,210.7,38.7,,,
7/3/19,1,p,P19-1,6-TI,1.6,19,56,64,1218,8,5,,,,,,46.28333333,,99.2,99.4,50.8,249.4,124.6,86.1,,210.7,38.7,,,
7/3/19,1,p,P19-1,6-TI,1.6,19,48,45,1218,8,5,,,,,,46.28333333,,99.2,99.4,50.8,249.4,124.6,86.1,,210.7,38.7,,,
7/3/19,1,p,P19-1,6-TI,1.6,19,65,95,1218,8,5,,,,,,46.28333333,,99.2,99.4,50.8,249.4,124.6,86.1,,210.7,38.7,,,
7/3/19,1,p,P19-1,6-TI,1.6,19,48,45,1218,8,5,,,,,,46.28333333,,99.2,99.4,50.8,249.4,124.6,86.1,,210.7,38.7,,,
7/3/19,1,p,P19-1,6-TI,1.6,19,63,90,1218,8,5,,,,,,46.28333333,,99.2,99.4,50.8,249.4,124.6,86.1,,210.7,38.7,,,
7/3/19,1,p,P19-1,6-TI,1.6,19,57,76,1218,8,5,,,,,,46.28333333,,99.2,99.4,50.8,249.4,124.6,86.1,,210.7,38.7,,,
7/3/19,1,p,P19-1,6-TI,1.6,19,52,54,1218,8,5,,,,,,46.28333333,,99.2,99.4,50.8,249.4,124.6,86.1,,210.7,38.7,,,
7/3/19,1,p,P19-1,6-TI,1.6,19,53,54,1218,8,5,,,,,,46.28333333,,99.2,99.4,50.8,249.4,124.6,86.1,,210.7,38.7,,,
7/3/19,1,p,P19-1,6-TI,1.6,19,62,100,1218,8,5,,,,,,46.28333333,,99.2,99.4,50.8,249.4,124.6,86.1,,210.7,38.7,,,
7/3/19,1,p,P19-1,6-TI,1.6,19,62,103,1218,8,5,,,,,,46.28333333,,99.2,99.4,50.8,249.4,124.6,86.1,,210.7,38.7,,,
7/3/19,1,p,P19-1,6-TI,1.6,19,50,53,1218,8,5,,,,,,46.28333333,,99.2,99.4,50.8,249.4,124.6,86.1,,210.7,38.7,,,
7/3/19,1,p,P3-2,6-TD,1.6,3,50,61,166,8,5,16:06,,14:21,,,46.25,,99.7,99.6,50.5,249.8,127.3,125.1,,252.4,-2.6,,,
7/3/19,1,p,P3-2,6-TD,1.6,3,55,61,166,8,5,,,,,,46.25,,99.7,99.6,50.5,249.8,127.3,125.1,,252.4,-2.6,,,
7/3/19,1,p,P3-2,6-TD,1.6,3,49,44,166,8,5,,,,,,46.25,,99.7,99.6,50.5,249.8,127.3,125.1,,252.4,-2.6,,,
7/3/19,1,r,R3-2,6-BI,1.6,3,76,195,473,8,5,16:29,,14:13,,13:27,45.73333333,92.96666667,99,99.6,50.8,249.4,128.6,114.1,251,493.7,-1.6,,,
7/3/19,1,r,R3-2,6-BI,1.6,3,70,151,473,8,5,,,,,,45.73333333,92.96666667,99,99.6,50.8,249.4,128.6,114.1,251,493.7,-1.6,,,
7/3/19,1,r,R3-2,6-BI,1.6,3,65,127,473,8,5,,,,,,45.73333333,92.96666667,99,99.6,50.8,249.4,128.6,114.1,251,493.7,-1.6,,,
7/3/19,1,p,P11-2,6-BD,1.6,11,69,122,691,8,5,16:17,,14:10,,,45.88333333,,99.2,99.8,50.2,249.2,120.2,98.2,,218.4,30.8,,,
7/3/19,1,p,P11-2,6-BD,1.6,11,59,80,691,8,5,,,,,,45.88333333,,99.2,99.8,50.2,249.2,120.2,98.2,,218.4,30.8,,,
7/3/19,1,p,P11-2,6-BD,1.6,11,41,29,691,8,5,,,,,,45.88333333,,99.2,99.8,50.2,249.2,120.2,98.2,,218.4,30.8,,,
7/3/19,1,p,P11-2,6-BD,1.6,11,55,65,691,8,5,,,,,,45.88333333,,99.2,99.8,50.2,249.2,120.2,98.2,,218.4,30.8,,,
7/3/19,1,p,P11-2,6-BD,1.6,11,48,35,691,8,5,,,,,,45.88333333,,99.2,99.8,50.2,249.2,120.2,98.2,,218.4,30.8,,,
7/3/19,1,p,P11-2,6-BD,1.6,11,65,126,691,8,5,,,,,,45.88333333,,99.2,99.8,50.2,249.2,120.2,98.2,,218.4,30.8,,,
7/3/19,1,p,P11-2,6-BD,1.6,11,55,51,691,8,5,,,,,,45.88333333,,99.2,99.8,50.2,249.2,120.2,98.2,,218.4,30.8,,,
7/3/19,1,p,P11-2,6-BD,1.6,11,54,57,691,8,5,,,,,,45.88333333,,99.2,99.8,50.2,249.2,120.2,98.2,,218.4,30.8,,,
7/3/19,1,p,P11-2,6-BD,1.6,11,60,79,691,8,5,,,,,,45.88333333,,99.2,99.8,50.2,249.2,120.2,98.2,,218.4,30.8,,,
7/3/19,1,p,P11-2,6-BD,1.6,11,43,32,691,8,5,,,,,,45.88333333,,99.2,99.8,50.2,249.2,120.2,98.2,,218.4,30.8,,,
7/3/19,1,p,P11-2,6-BD,1.6,11,35,15,691,8,5,,,,,,45.88333333,,99.2,99.8,50.2,249.2,120.2,98.2,,218.4,30.8,,,
7/3/19,1,p,P44-2,7-BI,1.6,44,63,100,2640,8,5,17:52,,14:16,,,44.4,,99.9,99.5,50.5,249.9,126.1,33.7,,159.8,90.1,,,
7/3/19,1,p,P44-2,7-BI,1.6,44,56,81,2640,8,5,,,,,,44.4,,99.9,99.5,50.5,249.9,126.1,33.7,,159.8,90.1,,,
7/3/19,1,p,P44-2,7-BI,1.6,44,39,26,2640,8,5,,,,,,44.4,,99.9,99.5,50.5,249.9,126.1,33.7,,159.8,90.1,,,
7/3/19,1,p,P44-2,7-BI,1.6,44,65,100,2640,8,5,,,,,,44.4,,99.9,99.5,50.5,249.9,126.1,33.7,,159.8,90.1,,,
7/3/19,1,p,P44-2,7-BI,1.6,44,60,86,2640,8,5,,,,,,44.4,,99.9,99.5,50.5,249.9,126.1,33.7,,159.8,90.1,,,
7/3/19,1,p,P44-2,7-BI,1.6,44,68,107,2640,8,5,,,,,,44.4,,99.9,99.5,50.5,249.9,126.1,33.7,,159.8,90.1,,,
7/3/19,1,p,P44-2,7-BI,1.6,44,62,78,2640,8,5,,,,,,44.4,,99.9,99.5,50.5,249.9,126.1,33.7,,159.8,90.1,,,
7/3/19,1,p,P44-2,7-BI,1.6,44,57,69,2640,8,5,,,,,,44.4,,99.9,99.5,50.5,249.9,126.1,33.7,,159.8,90.1,,,
7/3/19,1,p,P44-2,7-BI,1.6,44,45,33,2640,8,5,,,,,,44.4,,99.9,99.5,50.5,249.9,126.1,33.7,,159.8,90.1,,,
7/3/19,1,p,P44-2,7-BI,1.6,44,59,72,2640,8,5,,,,,,44.4,,99.9,99.5,50.5,249.9,126.1,33.7,,159.8,90.1,,,
7/3/19,1,p,P44-2,7-BI,1.6,44,64,91,2640,8,5,,,,,,44.4,,99.9,99.5,50.5,249.9,126.1,33.7,,159.8,90.1,,,
7/3/19,1,p,P44-2,7-BI,1.6,44,58,68,2640,8,5,,,,,,44.4,,99.9,99.5,50.5,249.9,126.1,33.7,,159.8,90.1,,,
7/3/19,1,p,P44-2,7-BI,1.6,44,60,74,2640,8,5,,,,,,44.4,,99.9,99.5,50.5,249.9,126.1,33.7,,159.8,90.1,,,
7/3/19,1,p,P44-2,7-BI,1.6,44,66,115,2640,8,5,,,,,,44.4,,99.9,99.5,50.5,249.9,126.1,33.7,,159.8,90.1,,,
7/3/19,1,p,P44-2,7-BI,1.6,44,40,23,2640,8,5,,,,,,44.4,,99.9,99.5,50.5,249.9,126.1,33.7,,159.8,90.1,,,
7/3/19,1,p,P44-2,7-BI,1.6,44,53,54,2640,8,5,,,,,,44.4,,99.9,99.5,50.5,249.9,126.1,33.7,,159.8,90.1,,,
7/3/19,1,p,P44-2,7-BI,1.6,44,56,63,2640,8,5,,,,,,44.4,,99.9,99.5,50.5,249.9,126.1,33.7,,159.8,90.1,,,
7/3/19,1,p,P44-2,7-BI,1.6,44,35,17,2640,8,5,,,,,,44.4,,99.9,99.5,50.5,249.9,126.1,33.7,,159.8,90.1,,,
7/3/19,1,p,P44-2,7-BI,1.6,44,36,20,2640,8,5,,,,,,44.4,,99.9,99.5,50.5,249.9,126.1,33.7,,159.8,90.1,,,
7/3/19,1,p,P44-2,7-BI,1.6,44,58,64,2640,8,5,,,,,,44.4,,99.9,99.5,50.5,249.9,126.1,33.7,,159.8,90.1,,,
7/3/19,1,p,P44-2,7-BI,1.6,44,48,37,2640,8,5,,,,,,44.4,,99.9,99.5,50.5,249.9,126.1,33.7,,159.8,90.1,,,
7/3/19,1,p,P44-2,7-BI,1.6,44,57,74,2640,8,5,,,,,,44.4,,99.9,99.5,50.5,249.9,126.1,33.7,,159.8,90.1,,,
7/3/19,1,p,P44-2,7-BI,1.6,44,54,63,2640,8,5,,,,,,44.4,,99.9,99.5,50.5,249.9,126.1,33.7,,159.8,90.1,,,
7/3/19,1,p,P44-2,7-BI,1.6,44,45,34,2640,8,5,,,,,,44.4,,99.9,99.5,50.5,249.9,126.1,33.7,,159.8,90.1,,,
7/3/19,1,p,P44-2,7-BI,1.6,44,46,28,2640,8,5,,,,,,44.4,,99.9,99.5,50.5,249.9,126.1,33.7,,159.8,90.1,,,
7/3/19,1,p,P44-2,7-BI,1.6,44,50,40,2640,8,5,,,,,,44.4,,99.9,99.5,50.5,249.9,126.1,33.7,,159.8,90.1,,,
7/3/19,1,p,P44-2,7-BI,1.6,44,39,21,2640,8,5,,,,,,44.4,,99.9,99.5,50.5,249.9,126.1,33.7,,159.8,90.1,,,
7/3/19,1,p,P44-2,7-BI,1.6,44,64,85,2640,8,5,,,,,,44.4,,99.9,99.5,50.5,249.9,126.1,33.7,,159.8,90.1,,,
7/3/19,1,p,P44-2,7-BI,1.6,44,51,48,2640,8,5,,,,,,44.4,,99.9,99.5,50.5,249.9,126.1,33.7,,159.8,90.1,,,
7/3/19,1,p,P44-2,7-BI,1.6,44,34,13,2640,8,5,,,,,,44.4,,99.9,99.5,50.5,249.9,126.1,33.7,,159.8,90.1,,,
7/3/19,1,p,P44-2,7-BI,1.6,44,50,53,2640,8,5,,,,,,44.4,,99.9,99.5,50.5,249.9,126.1,33.7,,159.8,90.1,,,
7/3/19,1,p,P44-2,7-BI,1.6,44,46,39,2640,8,5,,,,,,44.4,,99.9,99.5,50.5,249.9,126.1,33.7,,159.8,90.1,,,
7/3/19,1,p,P44-2,7-BI,1.6,44,57,68,2640,8,5,,,,,,44.4,,99.9,99.5,50.5,249.9,126.1,33.7,,159.8,90.1,,,
7/3/19,1,p,P44-2,7-BI,1.6,44,59,81,2640,8,5,,,,,,44.4,,99.9,99.5,50.5,249.9,126.1,33.7,,159.8,90.1,,,
7/3/19,1,p,P44-2,7-BI,1.6,44,57,76,2640,8,5,,,,,,44.4,,99.9,99.5,50.5,249.9,126.1,33.7,,159.8,90.1,,,
7/3/19,1,p,P44-2,7-BI,1.6,44,54,58,2640,8,5,,,,,,44.4,,99.9,99.5,50.5,249.9,126.1,33.7,,159.8,90.1,,,
7/3/19,1,p,P44-2,7-BI,1.6,44,66,108,2640,8,5,,,,,,44.4,,99.9,99.5,50.5,249.9,126.1,33.7,,159.8,90.1,,,
7/3/19,1,p,P44-2,7-BI,1.6,44,57,64,2640,8,5,,,,,,44.4,,99.9,99.5,50.5,249.9,126.1,33.7,,159.8,90.1,,,
7/3/19,1,p,P44-2,7-BI,1.6,44,52,58,2640,8,5,,,,,,44.4,,99.9,99.5,50.5,249.9,126.1,33.7,,159.8,90.1,,,
7/3/19,1,p,P44-2,7-BI,1.6,44,54,54,2640,8,5,,,,,,44.4,,99.9,99.5,50.5,249.9,126.1,33.7,,159.8,90.1,,,
7/3/19,1,p,P44-2,7-BI,1.6,44,54,59,2640,8,5,,,,,,44.4,,99.9,99.5,50.5,249.9,126.1,33.7,,159.8,90.1,,,
7/3/19,1,p,P44-2,7-BI,1.6,44,54,55,2640,8,5,,,,,,44.4,,99.9,99.5,50.5,249.9,126.1,33.7,,159.8,90.1,,,
7/3/19,1,p,P44-2,7-BI,1.6,44,53,59,2640,8,5,,,,,,44.4,,99.9,99.5,50.5,249.9,126.1,33.7,,159.8,90.1,,,
7/3/19,1,p,P44-2,7-BI,1.6,44,40,24,2640,8,5,,,,,,44.4,,99.9,99.5,50.5,249.9,126.1,33.7,,159.8,90.1,,,
7/3/19,1,r,R2-1,7-BD,1.6,2,55,65,271,8,5,17:57,,14:46,,13:31,44.81666667,91.56666667,99.7,99.5,50.5,249.7,122.6,126.5,246.2,495.3,3.5,,,
7/3/19,1,r,R2-1,7-BD,1.6,2,81,206,271,8,5,,,,,,44.81666667,91.56666667,99.7,99.5,50.5,249.7,122.6,126.5,246.2,495.3,3.5,,,
7/3/19,1,p,P2-2,7-TI,1.6,2,57,76,141,8,5,17:39,,14:32,,,44.88333333,,99.9,99.7,50.7,250.3,128.7,116,,244.7,5.6,,,
7/3/19,1,p,P2-2,7-TI,1.6,2,55,65,141,8,5,,,,,,44.88333333,,99.9,99.7,50.7,250.3,128.7,116,,244.7,5.6,,,
7/3/19,1,r,R2-2,7-TD,1.6,2,78,233,472,8,5,17:45,,14:37,,13:34,44.86666667,91.81666667,99.9,99.7,50.8,250.4,128.4,124.8,228,481.2,22.4,,,
7/3/19,1,r,R2-2,7-TD,1.6,2,77,239,472,8,5,,,,,,44.86666667,,99.9,99.7,50.8,250.4,128.4,124.8,,253.2,-2.8,,,
7/3/19,1,p,P24-1,8-BI,1.6,24,52,57,1547,8,5,16:31,,14:42,,,46.18333333,,99.5,99,50.3,248.8,127.2,49.3,,176.5,72.3,,,
7/3/19,1,p,P24-1,8-BI,1.6,24,59,85,1547,8,5,,,,,,46.18333333,,99.5,99,50.3,248.8,127.2,49.3,,176.5,72.3,,,
7/3/19,1,p,P24-1,8-BI,1.6,24,70,141,1547,8,5,,,,,,46.18333333,,99.5,99,50.3,248.8,127.2,49.3,,176.5,72.3,,,
7/3/19,1,p,P24-1,8-BI,1.6,24,58,81,1547,8,5,,,,,,46.18333333,,99.5,99,50.3,248.8,127.2,49.3,,176.5,72.3,,,
7/3/19,1,p,P24-1,8-BI,1.6,24,58,83,1547,8,5,,,,,,46.18333333,,99.5,99,50.3,248.8,127.2,49.3,,176.5,72.3,,,
7/3/19,1,p,P24-1,8-BI,1.6,24,50,46,1547,8,5,,,,,,46.18333333,,99.5,99,50.3,248.8,127.2,49.3,,176.5,72.3,,,
7/3/19,1,p,P24-1,8-BI,1.6,24,59,82,1547,8,5,,,,,,46.18333333,,99.5,99,50.3,248.8,127.2,49.3,,176.5,72.3,,,
7/3/19,1,p,P24-1,8-BI,1.6,24,47,36,1547,8,5,,,,,,46.18333333,,99.5,99,50.3,248.8,127.2,49.3,,176.5,72.3,,,
7/3/19,1,p,P24-1,8-BI,1.6,24,65,106,1547,8,5,,,,,,46.18333333,,99.5,99,50.3,248.8,127.2,49.3,,176.5,72.3,,,
7/3/19,1,p,P24-1,8-BI,1.6,24,35,20,1547,8,5,,,,,,46.18333333,,99.5,99,50.3,248.8,127.2,49.3,,176.5,72.3,,,
7/3/19,1,p,P24-1,8-BI,1.6,24,57,72,1547,8,5,,,,,,46.18333333,,99.5,99,50.3,248.8,127.2,49.3,,176.5,72.3,,,
7/3/19,1,p,P24-1,8-BI,1.6,24,53,61,1547,8,5,,,,,,46.18333333,,99.5,99,50.3,248.8,127.2,49.3,,176.5,72.3,,,
7/3/19,1,p,P24-1,8-BI,1.6,24,49,39,1547,8,5,,,,,,46.18333333,,99.5,99,50.3,248.8,127.2,49.3,,176.5,72.3,,,
7/3/19,1,p,P24-1,8-BI,1.6,24,35,16,1547,8,5,,,,,,46.18333333,,99.5,99,50.3,248.8,127.2,49.3,,176.5,72.3,,,
7/3/19,1,p,P24-1,8-BI,1.6,24,58,77,1547,8,5,,,,,,46.18333333,,99.5,99,50.3,248.8,127.2,49.3,,176.5,72.3,,,
7/3/19,1,p,P24-1,8-BI,1.6,24,60,93,1547,8,5,,,,,,46.18333333,,99.5,99,50.3,248.8,127.2,49.3,,176.5,72.3,,,
7/3/19,1,p,P24-1,8-BI,1.6,24,59,67,1547,8,5,,,,,,46.18333333,,99.5,99,50.3,248.8,127.2,49.3,,176.5,72.3,,,
7/3/19,1,p,P24-1,8-BI,1.6,24,56,60,1547,8,5,,,,,,46.18333333,,99.5,99,50.3,248.8,127.2,49.3,,176.5,72.3,,,
7/3/19,1,p,P24-1,8-BI,1.6,24,55,61,1547,8,5,,,,,,46.18333333,,99.5,99,50.3,248.8,127.2,49.3,,176.5,72.3,,,
7/3/19,1,p,P24-1,8-BI,1.6,24,46,47,1547,8,5,,,,,,46.18333333,,99.5,99,50.3,248.8,127.2,49.3,,176.5,72.3,,,
7/3/19,1,p,P24-1,8-BI,1.6,24,62,77,1547,8,5,,,,,,46.18333333,,99.5,99,50.3,248.8,127.2,49.3,,176.5,72.3,,,
7/3/19,1,p,P24-1,8-BI,1.6,24,55,72,1547,8,5,,,,,,46.18333333,,99.5,99,50.3,248.8,127.2,49.3,,176.5,72.3,,,
7/3/19,1,p,P24-1,8-BI,1.6,24,50,46,1547,8,5,,,,,,46.18333333,,99.5,99,50.3,248.8,127.2,49.3,,176.5,72.3,,,
7/3/19,1,p,P24-1,8-BI,1.6,24,38,22,1547,8,5,,,,,,46.18333333,,99.5,99,50.3,248.8,127.2,49.3,,176.5,72.3,,,
7/3/19,1,r,R7-2,8-BD,1.6,7,85,226,903,8,5,16:29,,14:39,,13:37,46.16666667,93.13333333,99.4,99.6,50.6,249.6,130,110.2,244.9,485.1,4.7,,,
7/3/19,1,r,R7-3,8-BD,1.6,7,55,66,903,8,5,,,,,,46.16666667,93.13333333,99.4,99.6,50.6,249.6,130,110.2,244.9,240.2,4.7,,,
7/3/19,1,r,R7-4,8-BD,1.6,7,41,30,903,8,5,,,,,,46.16666667,93.13333333,99.4,99.6,50.6,249.6,130,110.2,244.9,240.2,4.7,,,
7/3/19,1,r,R7-5,8-BD,1.6,7,42,31,903,8,5,,,,,,46.16666667,93.13333333,99.4,99.6,50.6,249.6,130,110.2,244.9,240.2,4.7,,,
7/3/19,1,r,R7-6,8-BD,1.6,7,80,208,903,8,5,,,,,,46.16666667,93.13333333,99.4,99.6,50.6,249.6,130,110.2,244.9,240.2,4.7,,,
7/3/19,1,r,R7-7,8-BD,1.6,7,82,274,903,8,5,,,,,,46.16666667,93.13333333,99.4,99.6,50.6,249.6,130,110.2,244.9,240.2,4.7,,,
7/3/19,1,r,R7-8,8-BD,1.6,7,59,68,903,8,5,,,,,,46.16666667,93.13333333,99.4,99.6,50.6,249.6,130,110.2,244.9,240.2,4.7,,,
7/3/19,1,p,P24-2,13-TI,1.6,24,56,76,1480,8,5,16:57,,15:50,,,46.88333333,,99.7,99.9,50.3,249.9,125.5,75.1,,200.6,49.3,,,
7/3/19,1,p,P24-2,13-TI,1.6,24,39,24,1480,8,5,,,,,,46.88333333,,99.7,99.9,50.3,249.9,125.5,75.1,,200.6,49.3,,,
7/3/19,1,p,P24-2,13-TI,1.6,24,64,96,1480,8,5,,,,,,46.88333333,,99.7,99.9,50.3,249.9,125.5,75.1,,200.6,49.3,,,
7/3/19,1,p,P24-2,13-TI,1.6,24,50,47,1480,8,5,,,,,,46.88333333,,99.7,99.9,50.3,249.9,125.5,75.1,,200.6,49.3,,,
7/3/19,1,p,P24-2,13-TI,1.6,24,62,83,1480,8,5,,,,,,46.88333333,,99.7,99.9,50.3,249.9,125.5,75.1,,200.6,49.3,,,
7/3/19,1,p,P24-2,13-TI,1.6,24,51,51,1480,8,5,,,,,,46.88333333,,99.7,99.9,50.3,249.9,125.5,75.1,,200.6,49.3,,,
7/3/19,1,p,P24-2,13-TI,1.6,24,58,91,1480,8,5,,,,,,46.88333333,,99.7,99.9,50.3,249.9,125.5,75.1,,200.6,49.3,,,
7/3/19,1,p,P24-2,13-TI,1.6,24,47,48,1480,8,5,,,,,,46.88333333,,99.7,99.9,50.3,249.9,125.5,75.1,,200.6,49.3,,,
7/3/19,1,p,P24-2,13-TI,1.6,24,55,68,1480,8,5,,,,,,46.88333333,,99.7,99.9,50.3,249.9,125.5,75.1,,200.6,49.3,,,
7/3/19,1,p,P24-2,13-TI,1.6,24,59,82,1480,8,5,,,,,,46.88333333,,99.7,99.9,50.3,249.9,125.5,75.1,,200.6,49.3,,,
7/3/19,1,p,P24-2,13-TI,1.6,24,50,60,1480,8,5,,,,,,46.88333333,,99.7,99.9,50.3,249.9,125.5,75.1,,200.6,49.3,,,
7/3/19,1,p,P24-2,13-TI,1.6,24,49,44,1480,8,5,,,,,,46.88333333,,99.7,99.9,50.3,249.9,125.5,75.1,,200.6,49.3,,,
7/3/19,1,p,P24-2,13-TI,1.6,24,44,34,1480,8,5,,,,,,46.88333333,,99.7,99.9,50.3,249.9,125.5,75.1,,200.6,49.3,,,
7/3/19,1,p,P24-2,13-TI,1.6,24,63,92,1480,8,5,,,,,,46.88333333,,99.7,99.9,50.3,249.9,125.5,75.1,,200.6,49.3,,,
7/3/19,1,p,P24-2,13-TI,1.6,24,58,71,1480,8,5,,,,,,46.88333333,,99.7,99.9,50.3,249.9,125.5,75.1,,200.6,49.3,,,
7/3/19,1,p,P24-2,13-TI,1.6,24,59,78,1480,8,5,,,,,,46.88333333,,99.7,99.9,50.3,249.9,125.5,75.1,,200.6,49.3,,,
7/3/19,1,p,P24-2,13-TI,1.6,24,51,51,1480,8,5,,,,,,46.88333333,,99.7,99.9,50.3,249.9,125.5,75.1,,200.6,49.3,,,
7/3/19,1,p,P24-2,13-TI,1.6,24,55,68,1480,8,5,,,,,,46.88333333,,99.7,99.9,50.3,249.9,125.5,75.1,,200.6,49.3,,,
7/3/19,1,p,P24-2,13-TI,1.6,24,55,69,1480,8,5,,,,,,46.88333333,,99.7,99.9,50.3,249.9,125.5,75.1,,200.6,49.3,,,
7/3/19,1,p,P24-2,13-TI,1.6,24,40,24,1480,8,5,,,,,,46.88333333,,99.7,99.9,50.3,249.9,125.5,75.1,,200.6,49.3,,,
7/3/19,1,p,P24-2,13-TI,1.6,24,55,75,1480,8,5,,,,,,46.88333333,,99.7,99.9,50.3,249.9,125.5,75.1,,200.6,49.3,,,
7/3/19,1,p,P24-2,13-TI,1.6,24,42,32,1480,8,5,,,,,,46.88333333,,99.7,99.9,50.3,249.9,125.5,75.1,,200.6,49.3,,,
7/3/19,1,p,P24-2,13-TI,1.6,24,37,22,1480,8,5,,,,,,46.88333333,,99.7,99.9,50.3,249.9,125.5,75.1,,200.6,49.3,,,
7/3/19,1,p,P24-2,13-TI,1.6,24,64,94,1480,8,5,,,,,,46.88333333,,99.7,99.9,50.3,249.9,125.5,75.1,,200.6,49.3,,,
7/3/19,1,r,R1-2,13-TD,1.6,1,71,144,144,8,5,16:54,,15:52,,13:41,46.96666667,92.78333333,99.6,99.6,50.7,249.9,127.8,113.7,243.1,484.6,6.8,,,no drain- some kelp might have gotten through 
7/3/19,1,p,P22-2,12-TI,1.6,22,57,84,1509,8,5,16:42,,15:14,,,46.53333333,,99.1,99.4,50.4,248.9,127.3,72.8,,200.1,48.8,,,
7/3/19,1,p,P22-2,12-TI,1.6,22,63,102,1509,8,5,,,,,,46.53333333,,99.1,99.4,50.4,248.9,127.3,72.8,,200.1,48.8,,,
7/3/19,1,p,P22-2,12-TI,1.6,22,54,61,1509,8,5,,,,,,46.53333333,,99.1,99.4,50.4,248.9,127.3,72.8,,200.1,48.8,,,
7/3/19,1,p,P22-2,12-TI,1.6,22,53,54,1509,8,5,,,,,,46.53333333,,99.1,99.4,50.4,248.9,127.3,72.8,,200.1,48.8,,,
7/3/19,1,p,P22-2,12-TI,1.6,22,53,57,1509,8,5,,,,,,46.53333333,,99.1,99.4,50.4,248.9,127.3,72.8,,200.1,48.8,,,
7/3/19,1,p,P22-2,12-TI,1.6,22,40,24,1509,8,5,,,,,,46.53333333,,99.1,99.4,50.4,248.9,127.3,72.8,,200.1,48.8,,,
7/3/19,1,p,P22-2,12-TI,1.6,22,67,84,1509,8,5,,,,,,46.53333333,,99.1,99.4,50.4,248.9,127.3,72.8,,200.1,48.8,,,
7/3/19,1,p,P22-2,12-TI,1.6,22,43,23,1509,8,5,,,,,,46.53333333,,99.1,99.4,50.4,248.9,127.3,72.8,,200.1,48.8,,,
7/3/19,1,p,P22-2,12-TI,1.6,22,65,91,1509,8,5,,,,,,46.53333333,,99.1,99.4,50.4,248.9,127.3,72.8,,200.1,48.8,,,
7/3/19,1,p,P22-2,12-TI,1.6,22,60,76,1509,8,5,,,,,,46.53333333,,99.1,99.4,50.4,248.9,127.3,72.8,,200.1,48.8,,,
7/3/19,1,p,P22-2,12-TI,1.6,22,67,104,1509,8,5,,,,,,46.53333333,,99.1,99.4,50.4,248.9,127.3,72.8,,200.1,48.8,,,
7/3/19,1,p,P22-2,12-TI,1.6,22,57,72,1509,8,5,,,,,,46.53333333,,99.1,99.4,50.4,248.9,127.3,72.8,,200.1,48.8,,,
7/3/19,1,p,P22-2,12-TI,1.6,22,47,33,1509,8,5,,,,,,46.53333333,,99.1,99.4,50.4,248.9,127.3,72.8,,200.1,48.8,,,
7/3/19,1,p,P22-2,12-TI,1.6,22,57,74,1509,8,5,,,,,,46.53333333,,99.1,99.4,50.4,248.9,127.3,72.8,,200.1,48.8,,,
7/3/19,1,p,P22-2,12-TI,1.6,22,43,31,1509,8,5,,,,,,46.53333333,,99.1,99.4,50.4,248.9,127.3,72.8,,200.1,48.8,,,
7/3/19,1,p,P22-2,12-TI,1.6,22,58,75,1509,8,5,,,,,,46.53333333,,99.1,99.4,50.4,248.9,127.3,72.8,,200.1,48.8,,,
7/3/19,1,p,P22-2,12-TI,1.6,22,62,105,1509,8,5,,,,,,46.53333333,,99.1,99.4,50.4,248.9,127.3,72.8,,200.1,48.8,,,
7/3/19,1,p,P22-2,12-TI,1.6,22,69,126,1509,8,5,,,,,,46.53333333,,99.1,99.4,50.4,248.9,127.3,72.8,,200.1,48.8,,,
7/3/19,1,p,P22-2,12-TI,1.6,22,56,64,1509,8,5,,,,,,46.53333333,,99.1,99.4,50.4,248.9,127.3,72.8,,200.1,48.8,,,
7/3/19,1,p,P22-2,12-TI,1.6,22,56,74,1509,8,5,,,,,,46.53333333,,99.1,99.4,50.4,248.9,127.3,72.8,,200.1,48.8,,,
7/3/19,1,p,P22-2,12-TI,1.6,22,44,32,1509,8,5,,,,,,46.53333333,,99.1,99.4,50.4,248.9,127.3,72.8,,200.1,48.8,,,
7/3/19,1,p,P22-2,12-TI,1.6,22,54,63,1509,8,5,,,,,,46.53333333,,99.1,99.4,50.4,248.9,127.3,72.8,,200.1,48.8,,,
7/3/19,1,r,R12-2,12-TD,1.6,12,57,72,2104,8,5,16:41,,15:19,,13:50,46.63333333,93.15,99,99.4,50.6,249,124.9,111.8,229.8,466.5,19.2,,,no drain
7/3/19,1,r,R12-2,12-TD,1.6,12,80,263,2104,8,5,,,,,,46.63333333,93.15,99,99.4,50.6,249,124.9,111.8,229.8,236.7,19.2,,,
7/3/19,1,r,R12-2,12-TD,1.6,12,84,232,2104,8,5,,,,,,46.63333333,93.15,99,99.4,50.6,249,124.9,111.8,229.8,236.7,19.2,,,
7/3/19,1,r,R12-2,12-TD,1.6,12,86,272,2104,8,5,,,,,,46.63333333,93.15,99,99.4,50.6,249,124.9,111.8,229.8,236.7,19.2,,,
7/3/19,1,r,R12-2,12-TD,1.6,12,82,220,2104,8,5,,,,,,46.63333333,93.15,99,99.4,50.6,249,124.9,111.8,229.8,236.7,19.2,,,
7/3/19,1,r,R12-2,12-TD,1.6,12,61,100,2104,8,5,,,,,,46.63333333,93.15,99,99.4,50.6,249,124.9,111.8,229.8,236.7,19.2,,,
7/3/19,1,r,R12-2,12-TD,1.6,12,53,77,2104,8,5,,,,,,46.63333333,93.15,99,99.4,50.6,249,124.9,111.8,229.8,236.7,19.2,,,
7/3/19,1,r,R12-2,12-TD,1.6,12,62,99,2104,8,5,,,,,,46.63333333,93.15,99,99.4,50.6,249,124.9,111.8,229.8,236.7,19.2,,,
7/3/19,1,r,R12-2,12-TD,1.6,12,84,217,2104,8,5,,,,,,46.63333333,93.15,99,99.4,50.6,249,124.9,111.8,229.8,236.7,19.2,,,
7/3/19,1,r,R12-2,12-TD,1.6,12,46,46,2104,8,5,,,,,,46.63333333,93.15,99,99.4,50.6,249,124.9,111.8,229.8,236.7,19.2,,,
7/3/19,1,r,R12-2,12-TD,1.6,12,84,254,2104,8,5,,,,,,46.63333333,93.15,99,99.4,50.6,249,124.9,111.8,229.8,236.7,19.2,,,
7/3/19,1,r,R12-2,12-TD,1.6,12,85,252,2104,8,5,,,,,,46.63333333,93.15,99,99.4,50.6,249,124.9,111.8,229.8,236.7,19.2,,,
7/3/19,1,p,P24-3,11-TI,1.6,24,59,96,1517,8,5,17:24,,14:58,,,45.56666667,,99.9,99.7,50.1,249.7,128.3,73.7,,202,47.7,,1,
7/3/19,1,p,P24-3,11-TI,1.6,24,53,56,1517,8,5,,,,,,45.56666667,,99.9,99.7,50.1,249.7,128.3,73.7,,202,47.7,,1,
7/3/19,1,p,P24-3,11-TI,1.6,24,42,31,1517,8,5,,,,,,45.56666667,,99.9,99.7,50.1,249.7,128.3,73.7,,202,47.7,,1,
7/3/19,1,p,P24-3,11-TI,1.6,24,39,25,1517,8,5,,,,,,45.56666667,,99.9,99.7,50.1,249.7,128.3,73.7,,202,47.7,,1,
7/3/19,1,p,P24-3,11-TI,1.6,24,50,37,1517,8,5,,,,,,45.56666667,,99.9,99.7,50.1,249.7,128.3,73.7,,202,47.7,,1,
7/3/19,1,p,P24-3,11-TI,1.6,24,52,56,1517,8,5,,,,,,45.56666667,,99.9,99.7,50.1,249.7,128.3,73.7,,202,47.7,,1,
7/3/19,1,p,P24-3,11-TI,1.6,24,53,54,1517,8,5,,,,,,45.56666667,,99.9,99.7,50.1,249.7,128.3,73.7,,202,47.7,,1,
7/3/19,1,p,P24-3,11-TI,1.6,24,58,83,1517,8,5,,,,,,45.56666667,,99.9,99.7,50.1,249.7,128.3,73.7,,202,47.7,,1,
7/3/19,1,p,P24-3,11-TI,1.6,24,60,81,1517,8,5,,,,,,45.56666667,,99.9,99.7,50.1,249.7,128.3,73.7,,202,47.7,,1,
7/3/19,1,p,P24-3,11-TI,1.6,24,63,98,1517,8,5,,,,,,45.56666667,,99.9,99.7,50.1,249.7,128.3,73.7,,202,47.7,,1,
7/3/19,1,p,P24-3,11-TI,1.6,24,46,47,1517,8,5,,,,,,45.56666667,,99.9,99.7,50.1,249.7,128.3,73.7,,202,47.7,,1,
7/3/19,1,p,P24-3,11-TI,1.6,24,57,74,1517,8,5,,,,,,45.56666667,,99.9,99.7,50.1,249.7,128.3,73.7,,202,47.7,,1,
7/3/19,1,p,P24-3,11-TI,1.6,24,63,95,1517,8,5,,,,,,45.56666667,,99.9,99.7,50.1,249.7,128.3,73.7,,202,47.7,,1,
7/3/19,1,p,P24-3,11-TI,1.6,24,65,110,1517,8,5,,,,,,45.56666667,,99.9,99.7,50.1,249.7,128.3,73.7,,202,47.7,,1,
7/3/19,1,p,P24-3,11-TI,1.6,24,55,65,1517,8,5,,,,,,45.56666667,,99.9,99.7,50.1,249.7,128.3,73.7,,202,47.7,,1,
7/3/19,1,p,P24-3,11-TI,1.6,24,52,51,1517,8,5,,,,,,45.56666667,,99.9,99.7,50.1,249.7,128.3,73.7,,202,47.7,,1,
7/3/19,1,p,P24-3,11-TI,1.6,24,52,55,1517,8,5,,,,,,45.56666667,,99.9,99.7,50.1,249.7,128.3,73.7,,202,47.7,,1,
7/3/19,1,p,P24-3,11-TI,1.6,24,55,60,1517,8,5,,,,,,45.56666667,,99.9,99.7,50.1,249.7,128.3,73.7,,202,47.7,,1,
7/3/19,1,p,P24-3,11-TI,1.6,24,54,56,1517,8,5,,,,,,45.56666667,,99.9,99.7,50.1,249.7,128.3,73.7,,202,47.7,,1,
7/3/19,1,p,P24-3,11-TI,1.6,24,48,41,1517,8,5,,,,,,45.56666667,,99.9,99.7,50.1,249.7,128.3,73.7,,202,47.7,,1,
7/3/19,1,p,P24-3,11-TI,1.6,24,65,107,1517,8,5,,,,,,45.56666667,,99.9,99.7,50.1,249.7,128.3,73.7,,202,47.7,,1,
7/3/19,1,p,P24-3,11-TI,1.6,24,57,65,1517,8,5,,,,,,45.56666667,,99.9,99.7,50.1,249.7,128.3,73.7,,202,47.7,,1,
7/3/19,1,p,P24-3,11-TI,1.6,24,43,31,1517,8,5,,,,,,45.56666667,,99.9,99.7,50.1,249.7,128.3,73.7,,202,47.7,,1,
7/3/19,1,p,P24-3,11-TI,1.6,24,47,43,1517,8,5,,,,,,45.56666667,,99.9,99.7,50.1,249.7,128.3,73.7,,202,47.7,,1,
7/3/19,1,p,P2-3,11-TD,1.6,2,59,85,124,8,5,17:19,,15:02,,,45.71666667,,99.9,99.7,50.7,250.3,128.1,118.2,,246.3,4,,,
7/3/19,1,p,P2-3,11-TD,1.6,2,47,39,124,8,5,,,,,,45.71666667,,99.9,99.7,50.7,250.3,128.1,118.2,,246.3,4,,,
7/3/19,1,p,P44-3,11-BI,1.6,44,59,87,2661,8,5,17:34,,14:50,,,45.26666667,,99.8,99.8,50.5,250.1,127.9,0,,127.9,122.2,,1,
7/3/19,1,p,P44-3,11-BI,1.6,44,40,58,2661,8,5,,,,,,45.26666667,,99.8,99.8,50.5,250.1,127.9,0,,127.9,122.2,,1,
7/3/19,1,p,P44-3,11-BI,1.6,44,49,48,2661,8,5,,,,,,45.26666667,,99.8,99.8,50.5,250.1,127.9,0,,127.9,122.2,,1,
7/3/19,1,p,P44-3,11-BI,1.6,44,49,56,2661,8,5,,,,,,45.26666667,,99.8,99.8,50.5,250.1,127.9,0,,127.9,122.2,,1,
7/3/19,1,p,P44-3,11-BI,1.6,44,46,40,2661,8,5,,,,,,45.26666667,,99.8,99.8,50.5,250.1,127.9,0,,127.9,122.2,,1,
7/3/19,1,p,P44-3,11-BI,1.6,44,64,100,2661,8,5,,,,,,45.26666667,,99.8,99.8,50.5,250.1,127.9,0,,127.9,122.2,,1,
7/3/19,1,p,P44-3,11-BI,1.6,44,46,39,2661,8,5,,,,,,45.26666667,,99.8,99.8,50.5,250.1,127.9,0,,127.9,122.2,,1,
7/3/19,1,p,P44-3,11-BI,1.6,44,48,44,2661,8,5,,,,,,45.26666667,,99.8,99.8,50.5,250.1,127.9,0,,127.9,122.2,,1,
7/3/19,1,p,P44-3,11-BI,1.6,44,46,33,2661,8,5,,,,,,45.26666667,,99.8,99.8,50.5,250.1,127.9,0,,127.9,122.2,,1,
7/3/19,1,p,P44-3,11-BI,1.6,44,47,38,2661,8,5,,,,,,45.26666667,,99.8,99.8,50.5,250.1,127.9,0,,127.9,122.2,,1,
7/3/19,1,p,P44-3,11-BI,1.6,44,37,25,2661,8,5,,,,,,45.26666667,,99.8,99.8,50.5,250.1,127.9,0,,127.9,122.2,,1,
7/3/19,1,p,P44-3,11-BI,1.6,44,69,124,2661,8,5,,,,,,45.26666667,,99.8,99.8,50.5,250.1,127.9,0,,127.9,122.2,,1,
7/3/19,1,p,P44-3,11-BI,1.6,44,56,13,2661,8,5,,,,,,45.26666667,,99.8,99.8,50.5,250.1,127.9,0,,127.9,122.2,,1,
7/3/19,1,p,P44-3,11-BI,1.6,44,42,85,2661,8,5,,,,,,45.26666667,,99.8,99.8,50.5,250.1,127.9,0,,127.9,122.2,,1,
7/3/19,1,p,P44-3,11-BI,1.6,44,54,40,2661,8,5,,,,,,45.26666667,,99.8,99.8,50.5,250.1,127.9,0,,127.9,122.2,,1,
7/3/19,1,p,P44-3,11-BI,1.6,44,42,39,2661,8,5,,,,,,45.26666667,,99.8,99.8,50.5,250.1,127.9,0,,127.9,122.2,,1,
7/3/19,1,p,P44-3,11-BI,1.6,44,65,64,2661,8,5,,,,,,45.26666667,,99.8,99.8,50.5,250.1,127.9,0,,127.9,122.2,,1,
7/3/19,1,p,P44-3,11-BI,1.6,44,60,46,2661,8,5,,,,,,45.26666667,,99.8,99.8,50.5,250.1,127.9,0,,127.9,122.2,,1,
7/3/19,1,p,P44-3,11-BI,1.6,44,60,68,2661,8,5,,,,,,45.26666667,,99.8,99.8,50.5,250.1,127.9,0,,127.9,122.2,,1,
7/3/19,1,p,P44-3,11-BI,1.6,44,49,49,2661,8,5,,,,,,45.26666667,,99.8,99.8,50.5,250.1,127.9,0,,127.9,122.2,,1,
7/3/19,1,p,P44-3,11-BI,1.6,44,52,82,2661,8,5,,,,,,45.26666667,,99.8,99.8,50.5,250.1,127.9,0,,127.9,122.2,,1,
7/3/19,1,p,P44-3,11-BI,1.6,44,45,102,2661,8,5,,,,,,45.26666667,,99.8,99.8,50.5,250.1,127.9,0,,127.9,122.2,,1,
7/3/19,1,p,P44-3,11-BI,1.6,44,35,58,2661,8,5,,,,,,45.26666667,,99.8,99.8,50.5,250.1,127.9,0,,127.9,122.2,,1,
7/3/19,1,p,P44-3,11-BI,1.6,44,59,44,2661,8,5,,,,,,45.26666667,,99.8,99.8,50.5,250.1,127.9,0,,127.9,122.2,,1,
7/3/19,1,p,P44-3,11-BI,1.6,44,51,118,2661,8,5,,,,,,45.26666667,,99.8,99.8,50.5,250.1,127.9,0,,127.9,122.2,,1,
7/3/19,1,p,P44-3,11-BI,1.6,44,46,56,2661,8,5,,,,,,45.26666667,,99.8,99.8,50.5,250.1,127.9,0,,127.9,122.2,,1,
7/3/19,1,p,P44-3,11-BI,1.6,44,56,26,2661,8,5,,,,,,45.26666667,,99.8,99.8,50.5,250.1,127.9,0,,127.9,122.2,,1,
7/3/19,1,p,P44-3,11-BI,1.6,44,51,58,2661,8,5,,,,,,45.26666667,,99.8,99.8,50.5,250.1,127.9,0,,127.9,122.2,,1,
7/3/19,1,p,P44-3,11-BI,1.6,44,56,28,2661,8,5,,,,,,45.26666667,,99.8,99.8,50.5,250.1,127.9,0,,127.9,122.2,,1,
7/3/19,1,p,P44-3,11-BI,1.6,44,51,102,2661,8,5,,,,,,45.26666667,,99.8,99.8,50.5,250.1,127.9,0,,127.9,122.2,,1,
7/3/19,1,p,P44-3,11-BI,1.6,44,61,91,2661,8,5,,,,,,45.26666667,,99.8,99.8,50.5,250.1,127.9,0,,127.9,122.2,,1,
7/3/19,1,p,P44-3,11-BI,1.6,44,61,93,2661,8,5,,,,,,45.26666667,,99.8,99.8,50.5,250.1,127.9,0,,127.9,122.2,,1,
7/3/19,1,p,P44-3,11-BI,1.6,44,52,45,2661,8,5,,,,,,45.26666667,,99.8,99.8,50.5,250.1,127.9,0,,127.9,122.2,,1,
7/3/19,1,p,P44-3,11-BI,1.6,44,54,51,2661,8,5,,,,,,45.26666667,,99.8,99.8,50.5,250.1,127.9,0,,127.9,122.2,,1,
7/3/19,1,p,P44-3,11-BI,1.6,44,67,38,2661,8,5,,,,,,45.26666667,,99.8,99.8,50.5,250.1,127.9,0,,127.9,122.2,,1,
7/3/19,1,p,P44-3,11-BI,1.6,44,44,34,2661,8,5,,,,,,45.26666667,,99.8,99.8,50.5,250.1,127.9,0,,127.9,122.2,,1,
7/3/19,1,p,P44-3,11-BI,1.6,44,39,23,2661,8,5,,,,,,45.26666667,,99.8,99.8,50.5,250.1,127.9,0,,127.9,122.2,,1,
7/3/19,1,p,P44-3,11-BI,1.6,44,54,58,2661,8,5,,,,,,45.26666667,,99.8,99.8,50.5,250.1,127.9,0,,127.9,122.2,,1,
7/3/19,1,p,P44-3,11-BI,1.6,44,54,60,2661,8,5,,,,,,45.26666667,,99.8,99.8,50.5,250.1,127.9,0,,127.9,122.2,,1,
7/3/19,1,p,P44-3,11-BI,1.6,44,53,67,2661,8,5,,,,,,45.26666667,,99.8,99.8,50.5,250.1,127.9,0,,127.9,122.2,,1,
7/3/19,1,p,P44-3,11-BI,1.6,44,55,77,2661,8,5,,,,,,45.26666667,,99.8,99.8,50.5,250.1,127.9,0,,127.9,122.2,,1,
7/3/19,1,p,P44-3,11-BI,1.6,44,48,51,2661,8,5,,,,,,45.26666667,,99.8,99.8,50.5,250.1,127.9,0,,127.9,122.2,,1,
7/3/19,1,p,P44-3,11-BI,1.6,44,64,101,2661,8,5,,,,,,45.26666667,,99.8,99.8,50.5,250.1,127.9,0,,127.9,122.2,,1,
7/3/19,1,p,P44-3,11-BI,1.6,44,64,102,2661,8,5,,,,,,45.26666667,,99.8,99.8,50.5,250.1,127.9,0,,127.9,122.2,,1,
7/3/19,1,p,P19-2,11-BD,1.6,19,51,44,801,8,5,17:29,,14:55,,,45.43333333,,99.3,99.9,50.6,249.8,130.6,109.1,,239.7,10.1,,,
7/3/19,1,p,P19-2,11-BD,1.6,19,39,23,801,8,5,,,,,,45.43333333,,99.3,99.9,50.6,249.8,130.6,109.1,,239.7,10.1,,,
7/3/19,1,p,P19-2,11-BD,1.6,19,39,25,801,8,5,,,,,,45.43333333,,99.3,99.9,50.6,249.8,130.6,109.1,,239.7,10.1,,,
7/3/19,1,p,P19-2,11-BD,1.6,19,38,24,801,8,5,,,,,,45.43333333,,99.3,99.9,50.6,249.8,130.6,109.1,,239.7,10.1,,,
7/3/19,1,p,P19-2,11-BD,1.6,19,57,76,801,8,5,,,,,,45.43333333,,99.3,99.9,50.6,249.8,130.6,109.1,,239.7,10.1,,,
7/3/19,1,p,P19-2,11-BD,1.6,19,57,66,801,8,5,,,,,,45.43333333,,99.3,99.9,50.6,249.8,130.6,109.1,,239.7,10.1,,,
7/3/19,1,p,P19-2,11-BD,1.6,19,52,55,801,8,5,,,,,,45.43333333,,99.3,99.9,50.6,249.8,130.6,109.1,,239.7,10.1,,,
7/3/19,1,p,P19-2,11-BD,1.6,19,46,41,801,8,5,,,,,,45.43333333,,99.3,99.9,50.6,249.8,130.6,109.1,,239.7,10.1,,,
7/3/19,1,p,P19-2,11-BD,1.6,19,49,42,801,8,5,,,,,,45.43333333,,99.3,99.9,50.6,249.8,130.6,109.1,,239.7,10.1,,,
7/3/19,1,p,P19-2,11-BD,1.6,19,45,35,801,8,5,,,,,,45.43333333,,99.3,99.9,50.6,249.8,130.6,109.1,,239.7,10.1,,,
7/3/19,1,p,P19-2,11-BD,1.6,19,46,43,801,8,5,,,,,,45.43333333,,99.3,99.9,50.6,249.8,130.6,109.1,,239.7,10.1,,,
7/3/19,1,p,P19-2,11-BD,1.6,19,48,37,801,8,5,,,,,,45.43333333,,99.3,99.9,50.6,249.8,130.6,109.1,,239.7,10.1,,,
7/3/19,1,p,P19-2,11-BD,1.6,19,45,40,801,8,5,,,,,,45.43333333,,99.3,99.9,50.6,249.8,130.6,109.1,,239.7,10.1,,,
7/3/19,1,p,P19-2,11-BD,1.6,19,38,23,801,8,5,,,,,,45.43333333,,99.3,99.9,50.6,249.8,130.6,109.1,,239.7,10.1,,,
7/3/19,1,p,P19-2,11-BD,1.6,19,56,69,801,8,5,,,,,,45.43333333,,99.3,99.9,50.6,249.8,130.6,109.1,,239.7,10.1,,,
7/3/19,1,p,P19-2,11-BD,1.6,19,57,70,801,8,5,,,,,,45.43333333,,99.3,99.9,50.6,249.8,130.6,109.1,,239.7,10.1,,,
7/3/19,1,p,P19-2,11-BD,1.6,19,35,20,801,8,5,,,,,,45.43333333,,99.3,99.9,50.6,249.8,130.6,109.1,,239.7,10.1,,,
7/3/19,1,p,P19-2,11-BD,1.6,19,48,43,801,8,5,,,,,,45.43333333,,99.3,99.9,50.6,249.8,130.6,109.1,,239.7,10.1,,,
7/3/19,1,p,P19-2,11-BD,1.6,19,41,25,801,8,5,,,,,,45.43333333,,99.3,99.9,50.6,249.8,130.6,109.1,,239.7,10.1,,,
7/3/19,1,r,R5-1,12-BI,1.6,5,92,266,978,8,5,16:49,,15:08,,13:54,46.31666667,93.08333333,99.6,99.5,50.6,249.7,123.3,110.6,230,463.9,19.7,,,
7/3/19,1,r,R5-1,12-BI,1.6,5,80,244,978,8,5,,,,,,46.31666667,,99.6,99.5,50.6,249.7,123.3,110.6,,233.9,15.8,,,
7/3/19,1,r,R5-1,12-BI,1.6,5,65,118,978,8,5,,,,,,46.31666667,,99.6,99.5,50.6,249.7,123.3,110.6,,233.9,15.8,,,
7/3/19,1,r,R5-1,12-BI,1.6,5,75,227,978,8,5,,,,,,46.31666667,,99.6,99.5,50.6,249.7,123.3,110.6,,233.9,15.8,,,
7/3/19,1,r,R5-1,12-BI,1.6,5,65,123,978,8,5,,,,,,46.31666667,,99.6,99.5,50.6,249.7,123.3,110.6,,233.9,15.8,,,
7/3/19,1,p,P11-3,12-BD,1.6,11,50,43,564,8,5,16:46,,15:12,,,46.43333333,,99.4,99.5,50.5,249.4,129.3,110,,239.3,10.1,,,
7/3/19,1,p,P11-3,12-BD,1.6,11,39,24,564,8,5,,,,,,46.43333333,,99.4,99.5,50.5,249.4,129.3,110,,239.3,10.1,,,
7/3/19,1,p,P11-3,12-BD,1.6,11,48,41,564,8,5,,,,,,46.43333333,,99.4,99.5,50.5,249.4,129.3,110,,239.3,10.1,,,
7/3/19,1,p,P11-3,12-BD,1.6,11,52,36,564,8,5,,,,,,46.43333333,,99.4,99.5,50.5,249.4,129.3,110,,239.3,10.1,,,
7/3/19,1,p,P11-3,12-BD,1.6,11,69,40,564,8,5,,,,,,46.43333333,,99.4,99.5,50.5,249.4,129.3,110,,239.3,10.1,,,
7/3/19,1,p,P11-3,12-BD,1.6,11,50,30,564,8,5,,,,,,46.43333333,,99.4,99.5,50.5,249.4,129.3,110,,239.3,10.1,,,
7/3/19,1,p,P11-3,12-BD,1.6,11,65,44,564,8,5,,,,,,46.43333333,,99.4,99.5,50.5,249.4,129.3,110,,239.3,10.1,,,
7/3/19,1,p,P11-3,12-BD,1.6,11,45,49,564,8,5,,,,,,46.43333333,,99.4,99.5,50.5,249.4,129.3,110,,239.3,10.1,,,
7/3/19,1,p,P11-3,12-BD,1.6,11,48,118,564,8,5,,,,,,46.43333333,,99.4,99.5,50.5,249.4,129.3,110,,239.3,10.1,,,
7/3/19,1,p,P11-3,12-BD,1.6,11,45,37,564,8,5,,,,,,46.43333333,,99.4,99.5,50.5,249.4,129.3,110,,239.3,10.1,,,
7/3/19,1,p,P11-3,12-BD,1.6,11,50,102,564,8,5,,,,,,46.43333333,,99.4,99.5,50.5,249.4,129.3,110,,239.3,10.1,,,
7/3/19,1,r,R5-2,13-BI,1.6,5,82,250,1018,8,5,17:01,,15:23,,13:45,46.36666667,92.73333333,99.9,99.2,50.7,249.8,128.8,107.8,,236.6,13.2,,,
7/3/19,1,r,R5-2,13-BI,1.6,5,56,89,1018,8,5,,,,,,46.36666667,,99.9,99.2,50.7,249.8,128.8,107.8,,236.6,13.2,,,
7/3/19,1,r,R5-2,13-BI,1.6,5,77,218,1018,8,5,,,,,,46.36666667,,99.9,99.2,50.7,249.8,128.8,107.8,,236.6,13.2,,,
7/3/19,1,r,R5-2,13-BI,1.6,5,78,216,1018,8,5,,,,,,46.36666667,,99.9,99.2,50.7,249.8,128.8,107.8,,236.6,13.2,,,
7/3/19,1,r,R5-2,13-BI,1.6,5,79,245,1018,8,5,,,,,,46.36666667,,99.9,99.2,50.7,249.8,128.8,107.8,,236.6,13.2,,,
7/3/19,1,p,P19-3,13-BD,1.6,19,45,37,868,8,5,16:58,,15:30,,,46.53333333,,99.6,99,50.7,249.3,131.9,83.8,,215.7,33.6,,,
7/3/19,1,p,P19-3,13-BD,1.6,19,53,53,868,8,5,,,,,,46.53333333,,99.6,99,50.7,249.3,131.9,83.8,,215.7,33.6,,,
7/3/19,1,p,P19-3,13-BD,1.6,19,65,97,868,8,5,,,,,,46.53333333,,99.6,99,50.7,249.3,131.9,83.8,,215.7,33.6,,,
7/3/19,1,p,P19-3,13-BD,1.6,19,62,98,868,8,5,,,,,,46.53333333,,99.6,99,50.7,249.3,131.9,83.8,,215.7,33.6,,,
7/3/19,1,p,P19-3,13-BD,1.6,19,43,29,868,8,5,,,,,,46.53333333,,99.6,99,50.7,249.3,131.9,83.8,,215.7,33.6,,,
7/3/19,1,p,P19-3,13-BD,1.6,19,43,31,868,8,5,,,,,,46.53333333,,99.6,99,50.7,249.3,131.9,83.8,,215.7,33.6,,,
7/3/19,1,p,P19-3,13-BD,1.6,19,40,23,868,8,5,,,,,,46.53333333,,99.6,99,50.7,249.3,131.9,83.8,,215.7,33.6,,,
7/3/19,1,p,P19-3,13-BD,1.6,19,38,23,868,8,5,,,,,,46.53333333,,99.6,99,50.7,249.3,131.9,83.8,,215.7,33.6,,,
7/3/19,1,p,P19-3,13-BD,1.6,19,37,22,868,8,5,,,,,,46.53333333,,99.6,99,50.7,249.3,131.9,83.8,,215.7,33.6,,,
7/3/19,1,p,P19-3,13-BD,1.6,19,49,43,868,8,5,,,,,,46.53333333,,99.6,99,50.7,249.3,131.9,83.8,,215.7,33.6,,,
7/3/19,1,p,P19-3,13-BD,1.6,19,55,61,868,8,5,,,,,,46.53333333,,99.6,99,50.7,249.3,131.9,83.8,,215.7,33.6,,,
7/3/19,1,p,P19-3,13-BD,1.6,19,56,66,868,8,5,,,,,,46.53333333,,99.6,99,50.7,249.3,131.9,83.8,,215.7,33.6,,,
7/3/19,1,p,P19-3,13-BD,1.6,19,56,59,868,8,5,,,,,,46.53333333,,99.6,99,50.7,249.3,131.9,83.8,,215.7,33.6,,,
7/3/19,1,p,P19-3,13-BD,1.6,19,39,20,868,8,5,,,,,,46.53333333,,99.6,99,50.7,249.3,131.9,83.8,,215.7,33.6,,,
7/3/19,1,p,P19-3,13-BD,1.6,19,50,51,868,8,5,,,,,,46.53333333,,99.6,99,50.7,249.3,131.9,83.8,,215.7,33.6,,,
7/3/19,1,p,P19-3,13-BD,1.6,19,45,36,868,8,5,,,,,,46.53333333,,99.6,99,50.7,249.3,131.9,83.8,,215.7,33.6,,,
7/3/19,1,p,P19-3,13-BD,1.6,19,48,41,868,8,5,,,,,,46.53333333,,99.6,99,50.7,249.3,131.9,83.8,,215.7,33.6,,,
7/3/19,1,p,P19-3,13-BD,1.6,19,43,35,868,8,5,,,,,,46.53333333,,99.6,99,50.7,249.3,131.9,83.8,,215.7,33.6,,,
7/3/19,1,p,P19-3,13-BD,1.6,19,48,43,868,8,5,,,,,,46.53333333,,99.6,99,50.7,249.3,131.9,83.8,,215.7,33.6,,,
7/3/19,1,p,P22-3,14-BI,1.6,22,48,39,943,8,5,17:09,,15:36,,,46.45,,99.9,99.9,50.7,250.5,131.7,87.9,,219.6,30.9,,,
7/3/19,1,p,P22-3,14-BI,1.6,22,56,79,943,8,5,,,,,,46.45,,99.9,99.9,50.7,250.5,131.7,87.9,,219.6,30.9,,,
7/3/19,1,p,P22-3,14-BI,1.6,22,49,53,943,8,5,,,,,,46.45,,99.9,99.9,50.7,250.5,131.7,87.9,,219.6,30.9,,,
7/3/19,1,p,P22-3,14-BI,1.6,22,54,61,943,8,5,,,,,,46.45,,99.9,99.9,50.7,250.5,131.7,87.9,,219.6,30.9,,,
7/3/19,1,p,P22-3,14-BI,1.6,22,38,24,943,8,5,,,,,,46.45,,99.9,99.9,50.7,250.5,131.7,87.9,,219.6,30.9,,,
7/3/19,1,p,P22-3,14-BI,1.6,22,36,21,943,8,5,,,,,,46.45,,99.9,99.9,50.7,250.5,131.7,87.9,,219.6,30.9,,,
7/3/19,1,p,P22-3,14-BI,1.6,22,36,17,943,8,5,,,,,,46.45,,99.9,99.9,50.7,250.5,131.7,87.9,,219.6,30.9,,,
7/3/19,1,p,P22-3,14-BI,1.6,22,50,33,943,8,5,,,,,,46.45,,99.9,99.9,50.7,250.5,131.7,87.9,,219.6,30.9,,,
7/3/19,1,p,P22-3,14-BI,1.6,22,50,52,943,8,5,,,,,,46.45,,99.9,99.9,50.7,250.5,131.7,87.9,,219.6,30.9,,,
7/3/19,1,p,P22-3,14-BI,1.6,22,35,15,943,8,5,,,,,,46.45,,99.9,99.9,50.7,250.5,131.7,87.9,,219.6,30.9,,,
7/3/19,1,p,P22-3,14-BI,1.6,22,39,27,943,8,5,,,,,,46.45,,99.9,99.9,50.7,250.5,131.7,87.9,,219.6,30.9,,,
7/3/19,1,p,P22-3,14-BI,1.6,22,49,62,943,8,5,,,,,,46.45,,99.9,99.9,50.7,250.5,131.7,87.9,,219.6,30.9,,,
7/3/19,1,p,P22-3,14-BI,1.6,22,47,45,943,8,5,,,,,,46.45,,99.9,99.9,50.7,250.5,131.7,87.9,,219.6,30.9,,,
7/3/19,1,p,P22-3,14-BI,1.6,22,51,57,943,8,5,,,,,,46.45,,99.9,99.9,50.7,250.5,131.7,87.9,,219.6,30.9,,,
7/3/19,1,p,P22-3,14-BI,1.6,22,35,16,943,8,5,,,,,,46.45,,99.9,99.9,50.7,250.5,131.7,87.9,,219.6,30.9,,,
7/3/19,1,p,P22-3,14-BI,1.6,22,40,26,943,8,5,,,,,,46.45,,99.9,99.9,50.7,250.5,131.7,87.9,,219.6,30.9,,,
7/3/19,1,p,P22-3,14-BI,1.6,22,60,82,943,8,5,,,,,,46.45,,99.9,99.9,50.7,250.5,131.7,87.9,,219.6,30.9,,,
7/3/19,1,p,P22-3,14-BI,1.6,22,37,22,943,8,5,,,,,,46.45,,99.9,99.9,50.7,250.5,131.7,87.9,,219.6,30.9,,,
7/3/19,1,p,P22-3,14-BI,1.6,22,60,78,943,8,5,,,,,,46.45,,99.9,99.9,50.7,250.5,131.7,87.9,,219.6,30.9,,,
7/3/19,1,p,P22-3,14-BI,1.6,22,45,39,943,8,5,,,,,,46.45,,99.9,99.9,50.7,250.5,131.7,87.9,,219.6,30.9,,,
7/3/19,1,p,P22-3,14-BI,1.6,22,46,42,943,8,5,,,,,,46.45,,99.9,99.9,50.7,250.5,131.7,87.9,,219.6,30.9,,,
7/3/19,1,p,P22-3,14-BI,1.6,22,57,53,943,8,5,,,,,,46.45,,99.9,99.9,50.7,250.5,131.7,87.9,,219.6,30.9,,,
7/3/19,1,p,P3-3,14-BD,1.6,3,63,99,190,8,5,17:13,,15:41,,,46.46666667,,99.6,99.7,50.2,249.5,132,119.7,,251.7,-2.2,,1,
7/3/19,1,p,P3-3,14-BD,1.6,3,54,55,190,8,5,,,,,,46.46666667,,99.6,99.7,50.2,249.5,132,119.7,,251.7,-2.2,,1,
7/3/19,1,p,P3-3,14-BD,1.6,3,45,36,190,8,5,,,,,,46.46666667,,99.6,99.7,50.2,249.5,132,119.7,,251.7,-2.2,,1,
7/10/19,2,r,R3-3,1-BD,1.6,3,91,252,638,8,5,11,54,11,25,,,,,,,251,,,233,238,18,,,
7/10/19,2,r,R3-4,1-BD,1.6,3,79,184,638,8,5,11,54,11,25,,,,,,,251,,,233,238,18,,,
7/10/19,2,r,R3-4,1-BD,1.6,3,80,202,638,8,5,11,54,11,25,,,,,,,251,,,233,238,18,,,
7/10/19,t,p,P26-1,1-BI,1.6,26,,,,8,5,12,36,11,39,,,,,,,252,,,,210,42,,2,
7/10/19,t,p,P26-1,1-BI,1.6,26,,,,8,5,12,36,11,39,,,,,,,252,,,,210,42,,2,
7/10/19,t,p,P26-1,1-BI,1.6,26,,,,8,5,12,36,11,39,,,,,,,252,,,,210,42,,2,
7/10/19,t,p,P26-1,1-BI,1.6,26,,,,8,5,12,36,11,39,,,,,,,252,,,,210,42,,2,
7/10/19,t,p,P26-1,1-BI,1.6,26,,,,8,5,12,36,11,39,,,,,,,252,,,,210,42,,2,
7/10/19,t,p,P26-1,1-BI,1.6,26,,,,8,5,12,36,11,39,,,,,,,252,,,,210,42,,2,
7/10/19,t,p,P26-1,1-BI,1.6,26,,,,8,5,12,36,11,39,,,,,,,252,,,,210,42,,2,
7/10/19,t,p,P26-1,1-BI,1.6,26,,,,8,5,12,36,11,39,,,,,,,252,,,,210,42,,2,
7/10/19,t,p,P26-1,1-BI,1.6,26,,,,8,5,12,36,11,39,,,,,,,252,,,,210,42,,2,
7/10/19,t,p,P26-1,1-BI,1.6,26,,,,8,5,12,36,11,39,,,,,,,252,,,,210,42,,2,
7/10/19,t,p,P26-1,1-BI,1.6,26,,,,8,5,12,36,11,39,,,,,,,252,,,,210,42,,2,
7/10/19,t,p,P26-1,1-BI,1.6,26,,,,8,5,12,36,11,39,,,,,,,252,,,,210,42,,2,
7/10/19,t,p,P26-1,1-BI,1.6,26,,,,8,5,12,36,11,39,,,,,,,252,,,,210,42,,2,
7/10/19,t,p,P26-1,1-BI,1.6,26,,,,8,5,12,36,11,39,,,,,,,252,,,,210,42,,2,
7/10/19,t,p,P26-1,1-BI,1.6,26,,,,8,5,12,36,11,39,,,,,,,252,,,,210,42,,2,
7/10/19,t,p,P26-1,1-BI,1.6,26,,,,8,5,12,36,11,39,,,,,,,252,,,,210,42,,2,
7/10/19,t,p,P26-1,1-BI,1.6,26,,,,8,5,12,36,11,39,,,,,,,252,,,,210,42,,2,
7/10/19,t,p,P26-1,1-BI,1.6,26,,,,8,5,12,36,11,39,,,,,,,252,,,,210,42,,2,
7/10/19,t,p,P26-1,1-BI,1.6,26,,,,8,5,12,36,11,39,,,,,,,252,,,,210,42,,2,
7/10/19,t,p,P26-1,1-BI,1.6,26,,,,8,5,12,36,11,39,,,,,,,252,,,,210,42,,2,
7/10/19,t,p,P26-1,1-BI,1.6,26,,,,8,5,12,36,11,39,,,,,,,252,,,,210,42,,2,
7/10/19,t,p,P26-1,1-BI,1.6,26,,,,8,5,12,36,11,39,,,,,,,252,,,,210,42,,2,
7/10/19,t,p,P26-1,1-BI,1.6,26,,,,8,5,12,36,11,39,,,,,,,252,,,,210,42,,2,
7/10/19,t,p,P26-1,1-BI,1.6,26,,,,8,5,12,36,11,39,,,,,,,252,,,,210,42,,2,
7/10/19,t,p,P26-1,1-BI,1.6,26,,,,8,5,12,36,11,39,,,,,,,252,,,,210,42,,2,
7/10/19,t,p,P26-1,1-BI,1.6,26,,,,8,5,12,36,11,39,,,,,,,252,,,,210,42,,2,
7/10/19,2,p,P2-4,4-BD,1.6,2,64,93,,8,5,11,57,11,44,,,,,,,251,,,,252,-1,,,
7/10/19,2,p,P2-4,4-BD,1.6,2,57,79,,8,5,11,57,11,44,,,,,,,251,,,,252,-1,,,
7/10/19,t,p,P32-1,4-BI,1.6,32,,,,8,5,12,41,11,48,,,,,,,250,,,,219,31,,3,
7/10/19,t,p,P32-1,4-BI,1.6,32,,,,8,5,12,41,11,48,,,,,,,250,,,,219,31,,3,
7/10/19,t,p,P32-1,4-BI,1.6,32,,,,8,5,12,41,11,48,,,,,,,250,,,,219,31,,3,
7/10/19,t,p,P32-1,4-BI,1.6,32,,,,8,5,12,41,11,48,,,,,,,250,,,,219,31,,3,
7/10/19,t,p,P32-1,4-BI,1.6,32,,,,8,5,12,41,11,48,,,,,,,250,,,,219,31,,3,
7/10/19,t,p,P32-1,4-BI,1.6,32,,,,8,5,12,41,11,48,,,,,,,250,,,,219,31,,3,
7/10/19,t,p,P32-1,4-BI,1.6,32,,,,8,5,12,41,11,48,,,,,,,250,,,,219,31,,3,
7/10/19,t,p,P32-1,4-BI,1.6,32,,,,8,5,12,41,11,48,,,,,,,250,,,,219,31,,3,
7/10/19,t,p,P32-1,4-BI,1.6,32,,,,8,5,12,41,11,48,,,,,,,250,,,,219,31,,3,
7/10/19,t,p,P32-1,4-BI,1.6,32,,,,8,5,12,41,11,48,,,,,,,250,,,,219,31,,3,
7/10/19,t,p,P32-1,4-BI,1.6,32,,,,8,5,12,41,11,48,,,,,,,250,,,,219,31,,3,
7/10/19,t,p,P32-1,4-BI,1.6,32,,,,8,5,12,41,11,48,,,,,,,250,,,,219,31,,3,
7/10/19,t,p,P32-1,4-BI,1.6,32,,,,8,5,12,41,11,48,,,,,,,250,,,,219,31,,3,
7/10/19,t,p,P32-1,4-BI,1.6,32,,,,8,5,12,41,11,48,,,,,,,250,,,,219,31,,3,
7/10/19,t,p,P32-1,4-BI,1.6,32,,,,8,5,12,41,11,48,,,,,,,250,,,,219,31,,3,
7/10/19,t,p,P32-1,4-BI,1.6,32,,,,8,5,12,41,11,48,,,,,,,250,,,,219,31,,3,
7/10/19,t,p,P32-1,4-BI,1.6,32,,,,8,5,12,41,11,48,,,,,,,250,,,,219,31,,3,
7/10/19,t,p,P32-1,4-BI,1.6,32,,,,8,5,12,41,11,48,,,,,,,250,,,,219,31,,3,
7/10/19,t,p,P32-1,4-BI,1.6,32,,,,8,5,12,41,11,48,,,,,,,250,,,,219,31,,3,
7/10/19,t,p,P32-1,4-BI,1.6,32,,,,8,5,12,41,11,48,,,,,,,250,,,,219,31,,3,
7/10/19,t,p,P32-1,4-BI,1.6,32,,,,8,5,12,41,11,48,,,,,,,250,,,,219,31,,3,
7/10/19,t,p,P32-1,4-BI,1.6,32,,,,8,5,12,41,11,48,,,,,,,250,,,,219,31,,3,
7/10/19,t,p,P32-1,4-BI,1.6,32,,,,8,5,12,41,11,48,,,,,,,250,,,,219,31,,3,
7/10/19,t,p,P32-1,4-BI,1.6,32,,,,8,5,12,41,11,48,,,,,,,250,,,,219,31,,3,
7/10/19,t,p,P32-1,4-BI,1.6,32,,,,8,5,12,41,11,48,,,,,,,250,,,,219,31,,3,
7/10/19,t,p,P32-1,4-BI,1.6,32,,,,8,5,12,41,11,48,,,,,,,250,,,,219,31,,3,
7/10/19,t,p,P32-1,4-BI,1.6,32,,,,8,5,12,41,11,48,,,,,,,250,,,,219,31,,3,
7/10/19,t,p,P32-1,4-BI,1.6,32,,,,8,5,12,41,11,48,,,,,,,250,,,,219,31,,3,
7/10/19,t,p,P32-1,4-BI,1.6,32,,,,8,5,12,41,11,48,,,,,,,250,,,,219,31,,3,
7/10/19,t,p,P32-1,4-BI,1.6,32,,,,8,5,12,41,11,48,,,,,,,250,,,,219,31,,3,
7/10/19,t,p,P32-1,4-BI,1.6,32,,,,8,5,12,41,11,48,,,,,,,250,,,,219,31,,3,
7/10/19,t,p,P32-1,4-BI,1.6,32,,,,8,5,12,41,11,48,,,,,,,250,,,,219,31,,3,
7/10/19,2,r,R1-3,11-TD,1.6,1,101,401,401,8,5,12,0,12,8,,,,,,,249,,,235,248,14,,,
7/10/19,2,p,P7-4,11-TI,1.6,7,61,92,410,8,5,12,4,12,12,,,,,,,250,,,,239,11,,1,
7/10/19,2,p,P7-4,11-TI,1.6,7,58,84,410,8,5,12,4,12,12,,,,,,,250,,,,239,11,,1,
7/10/19,2,p,P7-4,11-TI,1.6,7,62,90,410,8,5,12,4,12,12,,,,,,,250,,,,239,11,,1,
7/10/19,2,p,P7-4,11-TI,1.6,7,49,56,410,8,5,12,4,12,12,,,,,,,250,,,,239,11,,1,
7/10/19,2,p,P7-4,11-TI,1.6,7,48,40,410,8,5,12,4,12,12,,,,,,,250,,,,239,11,,1,
7/10/19,2,p,P7-4,11-TI,1.6,7,43,31,410,8,5,12,4,12,12,,,,,,,250,,,,239,11,,1,
7/10/19,2,p,P7-4,11-TI,1.6,7,35,17,410,8,5,12,4,12,12,,,,,,,250,,,,239,11,,1,
7/10/19,2,p,P11-4,11-BD,1.6,11,64,99,754,8,5,12,7,12,20,,,,,,,250,,,,242,8,,,
7/10/19,2,p,P11-4,11-BD,1.6,11,50,51,754,8,5,12,7,12,20,,,,,,,250,,,,242,8,,,
7/10/19,2,p,P11-4,11-BD,1.6,11,56,75,754,8,5,12,7,12,20,,,,,,,250,,,,242,8,,,
7/10/19,2,p,P11-4,11-BD,1.6,11,62,116,754,8,5,12,7,12,20,,,,,,,250,,,,242,8,,,
7/10/19,2,p,P11-4,11-BD,1.6,11,45,36,754,8,5,12,7,12,20,,,,,,,250,,,,242,8,,,
7/10/19,2,p,P11-4,11-BD,1.6,11,55,58,754,8,5,12,7,12,20,,,,,,,250,,,,242,8,,,
7/10/19,2,p,P11-4,11-BD,1.6,11,57,77,754,8,5,12,7,12,20,,,,,,,250,,,,242,8,,,
7/10/19,2,p,P11-4,11-BD,1.6,11,55,66,754,8,5,12,7,12,20,,,,,,,250,,,,242,8,,,
7/10/19,2,p,P11-4,11-BD,1.6,11,53,60,754,8,5,12,7,12,20,,,,,,,250,,,,242,8,,,
7/10/19,2,p,P11-4,11-BD,1.6,11,50,53,754,8,5,12,7,12,20,,,,,,,250,,,,242,8,,,
7/10/19,2,p,P11-4,11-BD,1.6,11,54,63,754,8,5,12,7,12,20,,,,,,,250,,,,242,8,,,
7/10/19,t,p,P35-1,11-BI,1.6,35,,,,8,5,12,42,12,23,,,,,,,249,,,,168,81,,,
7/10/19,t,p,P35-1,11-BI,1.6,35,,,,8,5,12,42,12,23,,,,,,,249,,,,168,81,,,
7/10/19,t,p,P35-1,11-BI,1.6,35,,,,8,5,12,42,12,23,,,,,,,249,,,,168,81,,,
7/10/19,t,p,P35-1,11-BI,1.6,35,,,,8,5,12,42,12,23,,,,,,,249,,,,168,81,,,
7/10/19,t,p,P35-1,11-BI,1.6,35,,,,8,5,12,42,12,23,,,,,,,249,,,,168,81,,,
7/10/19,t,p,P35-1,11-BI,1.6,35,,,,8,5,12,42,12,23,,,,,,,249,,,,168,81,,,
7/10/19,t,p,P35-1,11-BI,1.6,35,,,,8,5,12,42,12,23,,,,,,,249,,,,168,81,,,
7/10/19,t,p,P35-1,11-BI,1.6,35,,,,8,5,12,42,12,23,,,,,,,249,,,,168,81,,,
7/10/19,t,p,P35-1,11-BI,1.6,35,,,,8,5,12,42,12,23,,,,,,,249,,,,168,81,,,
7/10/19,t,p,P35-1,11-BI,1.6,35,,,,8,5,12,42,12,23,,,,,,,249,,,,168,81,,,
7/10/19,t,p,P35-1,11-BI,1.6,35,,,,8,5,12,42,12,23,,,,,,,249,,,,168,81,,,
7/10/19,t,p,P35-1,11-BI,1.6,35,,,,8,5,12,42,12,23,,,,,,,249,,,,168,81,,,
7/10/19,t,p,P35-1,11-BI,1.6,35,,,,8,5,12,42,12,23,,,,,,,249,,,,168,81,,,
7/10/19,t,p,P35-1,11-BI,1.6,35,,,,8,5,12,42,12,23,,,,,,,249,,,,168,81,,,
7/10/19,t,p,P35-1,11-BI,1.6,35,,,,8,5,12,42,12,23,,,,,,,249,,,,168,81,,,
7/10/19,t,p,P35-1,11-BI,1.6,35,,,,8,5,12,42,12,23,,,,,,,249,,,,168,81,,,
,t,p,P35-1,11-BI,1.6,35,,,,8,5,12,42,12,23,,,,,,,249,,,,168,81,,,
,t,p,P35-1,11-BI,1.6,35,,,,8,5,12,42,12,23,,,,,,,249,,,,168,81,,,
,t,p,P35-1,11-BI,1.6,35,,,,8,5,12,42,12,23,,,,,,,249,,,,168,81,,,
,t,p,P35-1,11-BI,1.6,35,,,,8,5,12,42,12,23,,,,,,,249,,,,168,81,,,
,t,p,P35-1,11-BI,1.6,35,,,,8,5,12,42,12,23,,,,,,,249,,,,168,81,,,
,t,p,P35-1,11-BI,1.6,35,,,,8,5,12,42,12,23,,,,,,,249,,,,168,81,,,
,t,p,P35-1,11-BI,1.6,35,,,,8,5,12,42,12,23,,,,,,,249,,,,168,81,,,
,t,p,P35-1,11-BI,1.6,35,,,,8,5,12,42,12,23,,,,,,,249,,,,168,81,,,
,t,p,P35-1,11-BI,1.6,35,,,,8,5,12,42,12,23,,,,,,,249,,,,168,81,,,
,t,p,P35-1,11-BI,1.6,35,,,,8,5,12,42,12,23,,,,,,,249,,,,168,81,,,
,t,p,P35-1,11-BI,1.6,35,,,,8,5,12,42,12,23,,,,,,,249,,,,168,81,,,
,t,p,P35-1,11-BI,1.6,35,,,,8,5,12,42,12,23,,,,,,,249,,,,168,81,,,
,t,p,P35-1,11-BI,1.6,35,,,,8,5,12,42,12,23,,,,,,,249,,,,168,81,,,
,t,p,P35-1,11-BI,1.6,35,,,,8,5,12,42,12,23,,,,,,,249,,,,168,81,,,
,t,p,P35-1,11-BI,1.6,35,,,,8,5,12,42,12,23,,,,,,,249,,,,168,81,,,
,t,p,P35-1,11-BI,1.6,35,,,,8,5,12,42,12,23,,,,,,,249,,,,168,81,,,
,t,p,P35-1,11-BI,1.6,35,,,,8,5,12,42,12,23,,,,,,,249,,,,168,81,,,
,t,p,P35-1,11-BI,1.6,35,,,,8,5,12,42,12,23,,,,,,,249,,,,168,81,,,
,t,p,P35-1,11-BI,1.6,35,,,,8,5,12,42,12,23,,,,,,,249,,,,168,81,,,
,2,p,P24-4,7-TI,1.6,24,57,65,1855,8,5,12,10,11,52,,,,,,,250,,,,205,45,,,
,2,p,P24-4,7-TI,1.6,24,65,96,1855,8,5,12,10,11,52,,,,,,,250,,,,205,45,,,
,2,p,P24-4,7-TI,1.6,24,69,124,1855,8,5,12,10,11,52,,,,,,,250,,,,205,45,,,
,2,p,P24-4,7-TI,1.6,24,59,73,1855,8,5,12,10,11,52,,,,,,,250,,,,205,45,,,
,2,p,P24-4,7-TI,1.6,24,70,129,1855,8,5,12,10,11,52,,,,,,,250,,,,205,45,,,
,2,p,P24-4,7-TI,1.6,24,61,91,1855,8,5,12,10,11,52,,,,,,,250,,,,205,45,,,
,2,p,P24-4,7-TI,1.6,24,55,72,1855,8,5,12,10,11,52,,,,,,,250,,,,205,45,,,
,2,p,P24-4,7-TI,1.6,24,48,44,1855,8,5,12,10,11,52,,,,,,,250,,,,205,45,,,
,2,p,P24-4,7-TI,1.6,24,70,129,1855,8,5,12,10,11,52,,,,,,,250,,,,205,45,,,
,2,p,P24-4,7-TI,1.6,24,48,43,1855,8,5,12,10,11,52,,,,,,,250,,,,205,45,,,
,2,p,P24-4,7-TI,1.6,24,62,91,1855,8,5,12,10,11,52,,,,,,,250,,,,205,45,,,
,2,p,P24-4,7-TI,1.6,24,56,64,1855,8,5,12,10,11,52,,,,,,,250,,,,205,45,,,
,2,p,P24-4,7-TI,1.6,24,49,42,1855,8,5,12,10,11,52,,,,,,,250,,,,205,45,,,
,2,p,P24-4,7-TI,1.6,24,59,74,1855,8,5,12,10,11,52,,,,,,,250,,,,205,45,,,
,2,p,P24-4,7-TI,1.6,24,58,71,1855,8,5,12,10,11,52,,,,,,,250,,,,205,45,,,
,2,p,P24-4,7-TI,1.6,24,58,72,1855,8,5,12,10,11,52,,,,,,,250,,,,205,45,,,
,2,p,P24-4,7-TI,1.6,24,60,91,1855,8,5,12,10,11,52,,,,,,,250,,,,205,45,,,
,2,p,P24-4,7-TI,1.6,24,56,78,1855,8,5,12,10,11,52,,,,,,,250,,,,205,45,,,
,2,p,P24-4,7-TI,1.6,24,51,50,1855,8,5,12,10,11,52,,,,,,,250,,,,205,45,,,
,2,p,P24-4,7-TI,1.6,24,58,78,1855,8,5,12,10,11,52,,,,,,,250,,,,205,45,,,
,2,p,P24-4,7-TI,1.6,24,56,68,1855,8,5,12,10,11,52,,,,,,,250,,,,205,45,,,
,2,p,P24-4,7-TI,1.6,24,57,77,1855,8,5,12,10,11,52,,,,,,,250,,,,205,45,,,
,2,p,P24-4,7-TI,1.6,24,57,60,1855,8,5,12,10,11,52,,,,,,,250,,,,205,45,,,
,2,p,P24-4,7-TI,1.6,24,58,73,1855,8,5,12,10,11,52,,,,,,,250,,,,205,45,,,
,t,p,P28-1,7-TD,1.6,28,,,,8,5,12,45,11,56,,,,,,,249,,,,218,31,,,
,t,p,P28-1,7-TD,1.6,28,,,,8,5,12,45,11,56,,,,,,,249,,,,218,31,,,
,t,p,P28-1,7-TD,1.6,28,,,,8,5,12,45,11,56,,,,,,,249,,,,218,31,,,
,t,p,P28-1,7-TD,1.6,28,,,,8,5,12,45,11,56,,,,,,,249,,,,218,31,,,
,t,p,P28-1,7-TD,1.6,28,,,,8,5,12,45,11,56,,,,,,,249,,,,218,31,,,
,t,p,P28-1,7-TD,1.6,28,,,,8,5,12,45,11,56,,,,,,,249,,,,218,31,,,
,t,p,P28-1,7-TD,1.6,28,,,,8,5,12,45,11,56,,,,,,,249,,,,218,31,,,
,t,p,P28-1,7-TD,1.6,28,,,,8,5,12,45,11,56,,,,,,,249,,,,218,31,,,
,t,p,P28-1,7-TD,1.6,28,,,,8,5,12,45,11,56,,,,,,,249,,,,218,31,,,
,t,p,P28-1,7-TD,1.6,28,,,,8,5,12,45,11,56,,,,,,,249,,,,218,31,,,
,t,p,P28-1,7-TD,1.6,28,,,,8,5,12,45,11,56,,,,,,,249,,,,218,31,,,
,t,p,P28-1,7-TD,1.6,28,,,,8,5,12,45,11,56,,,,,,,249,,,,218,31,,,
,t,p,P28-1,7-TD,1.6,28,,,,8,5,12,45,11,56,,,,,,,249,,,,218,31,,,
,t,p,P28-1,7-TD,1.6,28,,,,8,5,12,45,11,56,,,,,,,249,,,,218,31,,,
,t,p,P28-1,7-TD,1.6,28,,,,8,5,12,45,11,56,,,,,,,249,,,,218,31,,,
,t,p,P28-1,7-TD,1.6,28,,,,8,5,12,45,11,56,,,,,,,249,,,,218,31,,,
,t,p,P28-1,7-TD,1.6,28,,,,8,5,12,45,11,56,,,,,,,249,,,,218,31,,,
,t,p,P28-1,7-TD,1.6,28,,,,8,5,12,45,11,56,,,,,,,249,,,,218,31,,,
,t,p,P28-1,7-TD,1.6,28,,,,8,5,12,45,11,56,,,,,,,249,,,,218,31,,,
,t,p,P28-1,7-TD,1.6,28,,,,8,5,12,45,11,56,,,,,,,249,,,,218,31,,,
,t,p,P28-1,7-TD,1.6,28,,,,8,5,12,45,11,56,,,,,,,249,,,,218,31,,,
,t,p,P28-1,7-TD,1.6,28,,,,8,5,12,45,11,56,,,,,,,249,,,,218,31,,,
,t,p,P28-1,7-TD,1.6,28,,,,8,5,12,45,11,56,,,,,,,249,,,,218,31,,,
,t,p,P28-1,7-TD,1.6,28,,,,8,5,12,45,11,56,,,,,,,249,,,,218,31,,,
,t,p,P28-1,7-TD,1.6,28,,,,8,5,12,45,11,56,,,,,,,249,,,,218,31,,,
,t,p,P28-1,7-TD,1.6,28,,,,8,5,12,45,11,56,,,,,,,249,,,,218,31,,,
,t,p,P28-1,7-TD,1.6,28,,,,8,5,12,45,11,56,,,,,,,249,,,,218,31,,,
,t,p,P28-1,7-TD,1.6,28,,,,8,5,12,45,11,56,,,,,,,249,,,,218,31,,,
,2,p,P3-4,7-BI,1.6,3,66,102,239,8,5,12,12,11,58,,,,,,,250,,,,250,0,,,
,2,p,P3-4,7-BI,1.6,3,46,41,239,8,5,12,12,11,58,,,,,,,250,,,,250,0,,,
,2,p,P3-4,7-BI,1.6,3,63,96,239,8,5,12,12,11,58,,,,,,,250,,,,250,0,,,
,2,r,R2-3,7-BD,1.6,2,84,243,267,8,5,12,15,11,58,,,,,,,250,,,248,251,2,,,
,2,r,R2-3,7-BD,1.6,2,38,24,267,8,5,12,15,11,58,,,,,,,250,,,248,251,2,,,
,2,p,P44-4,8-BD,1.6,44,59,70,2939,8,5,12,18,12,3,,,,,,,250,,,,213,37,,5,
,2,p,P44-4,8-BD,1.6,44,69,109,2939,8,5,12,18,12,3,,,,,,,250,,,,213,37,,5,
,2,p,P44-4,8-BD,1.6,44,35,15,2939,8,5,12,18,12,3,,,,,,,250,,,,213,37,,5,
,2,p,P44-4,8-BD,1.6,44,62,91,2939,8,5,12,18,12,3,,,,,,,250,,,,213,37,,5,
,2,p,P44-4,8-BD,1.6,44,56,65,2939,8,5,12,18,12,3,,,,,,,250,,,,213,37,,5,
,2,p,P44-4,8-BD,1.6,44,50,53,2939,8,5,12,18,12,3,,,,,,,250,,,,213,37,,5,
,2,p,P44-4,8-BD,1.6,44,61,81,2939,8,5,12,18,12,3,,,,,,,250,,,,213,37,,5,
,2,p,P44-4,8-BD,1.6,44,57,74,2939,8,5,12,18,12,3,,,,,,,250,,,,213,37,,5,
,2,p,P44-4,8-BD,1.6,44,50,50,2939,8,5,12,18,12,3,,,,,,,250,,,,213,37,,5,
,2,p,P44-4,8-BD,1.6,44,44,34,2939,8,5,12,18,12,3,,,,,,,250,,,,213,37,,5,
,2,p,P44-4,8-BD,1.6,44,60,76,2939,8,5,12,18,12,3,,,,,,,250,,,,213,37,,5,
,2,p,P44-4,8-BD,1.6,44,59,83,2939,8,5,12,18,12,3,,,,,,,250,,,,213,37,,5,
,2,p,P44-4,8-BD,1.6,44,53,52,2939,8,5,12,18,12,3,,,,,,,250,,,,213,37,,5,
,2,p,P44-4,8-BD,1.6,44,59,78,2939,8,5,12,18,12,3,,,,,,,250,,,,213,37,,5,
,2,p,P44-4,8-BD,1.6,44,47,45,2939,8,5,12,18,12,3,,,,,,,250,,,,213,37,,5,
,2,p,P44-4,8-BD,1.6,44,53,65,2939,8,5,12,18,12,3,,,,,,,250,,,,213,37,,5,
,2,p,P44-4,8-BD,1.6,44,56,71,2939,8,5,12,18,12,3,,,,,,,250,,,,213,37,,5,
,2,p,P44-4,8-BD,1.6,44,52,62,2939,8,5,12,18,12,3,,,,,,,250,,,,213,37,,5,
,2,p,P44-4,8-BD,1.6,44,59,72,2939,8,5,12,18,12,3,,,,,,,250,,,,213,37,,5,
,2,p,P44-4,8-BD,1.6,44,51,66,2939,8,5,12,18,12,3,,,,,,,250,,,,213,37,,5,
,2,p,P44-4,8-BD,1.6,44,63,91,2939,8,5,12,18,12,3,,,,,,,250,,,,213,37,,5,
,2,p,P44-4,8-BD,1.6,44,65,92,2939,8,5,12,18,12,3,,,,,,,250,,,,213,37,,5,
,2,p,P44-4,8-BD,1.6,44,60,80,2939,8,5,12,18,12,3,,,,,,,250,,,,213,37,,5,
,2,p,P44-4,8-BD,1.6,44,51,60,2939,8,5,12,18,12,3,,,,,,,250,,,,213,37,,5,
,2,p,P44-4,8-BD,1.6,44,55,68,2939,8,5,12,18,12,3,,,,,,,250,,,,213,37,,5,
,2,p,P44-4,8-BD,1.6,44,63,91,2939,8,5,12,18,12,3,,,,,,,250,,,,213,37,,5,
,2,p,P44-4,8-BD,1.6,44,55,64,2939,8,5,12,18,12,3,,,,,,,250,,,,213,37,,5,
,2,p,P44-4,8-BD,1.6,44,54,68,2939,8,5,12,18,12,3,,,,,,,250,,,,213,37,,5,
,2,p,P44-4,8-BD,1.6,44,45,34,2939,8,5,12,18,12,3,,,,,,,250,,,,213,37,,5,
,2,p,P44-4,8-BD,1.6,44,70,153,2939,8,5,12,18,12,3,,,,,,,250,,,,213,37,,5,
,2,p,P44-4,8-BD,1.6,44,57,72,2939,8,5,12,18,12,3,,,,,,,250,,,,213,37,,5,
,2,p,P44-4,8-BD,1.6,44,45,36,2939,8,5,12,18,12,3,,,,,,,250,,,,213,37,,5,
,2,p,P44-4,8-BD,1.6,44,52,59,2939,8,5,12,18,12,3,,,,,,,250,,,,213,37,,5,
,2,p,P44-4,8-BD,1.6,44,35,17,2939,8,5,12,18,12,3,,,,,,,250,,,,213,37,,5,
,2,p,P44-4,8-BD,1.6,44,60,83,2939,8,5,12,18,12,3,,,,,,,250,,,,213,37,,5,
,2,p,P44-4,8-BD,1.6,44,56,80,2939,8,5,12,18,12,3,,,,,,,250,,,,213,37,,5,
,2,p,P44-4,8-BD,1.6,44,55,63,2939,8,5,12,18,12,3,,,,,,,250,,,,213,37,,5,
,2,p,P44-4,8-BD,1.6,44,39,23,2939,8,5,12,18,12,3,,,,,,,250,,,,213,37,,5,
,2,p,P44-4,8-BD,1.6,44,58,72,2939,8,5,12,18,12,3,,,,,,,250,,,,213,37,,5,
,2,p,P44-4,8-BD,1.6,44,59,83,2939,8,5,12,18,12,3,,,,,,,250,,,,213,37,,5,
,2,p,P44-4,8-BD,1.6,44,51,65,2939,8,5,12,18,12,3,,,,,,,250,,,,213,37,,5,
,2,p,P44-4,8-BD,1.6,44,63,99,2939,8,5,12,18,12,3,,,,,,,250,,,,213,37,,5,
,2,p,P44-4,8-BD,1.6,44,40,32,2939,8,5,12,18,12,3,,,,,,,250,,,,213,37,,5,
,2,p,P44-4,8-BD,1.6,44,49,42,2939,8,5,12,18,12,3,,,,,,,250,,,,213,37,,5,
,2,r,R5-3,8-BI,1.6,5,99,331,1033,8,5,12,20,12,5,,,,,,,250,,,235,244,15,,1,
,2,r,R5-3,8-BI,1.6,5,101,394,1033,8,5,12,20,12,5,,,,,,,250,,,235,244,15,,1,
,2,r,R5-3,8-BI,1.6,5,47,43,1033,8,5,12,20,12,5,,,,,,,250,,,235,244,15,,1,
,2,r,R5-3,8-BI,1.6,5,85,233,1033,8,5,12,20,12,5,,,,,,,250,,,235,244,15,,1,
,2,r,R5-3,8-BI,1.6,5,44,32,1033,8,5,12,20,12,5,,,,,,,250,,,235,244,15,,1,
,2,r,R7-3,12-TD,1.6,7,87,266,1459,8,5,12,22,12,6,,,,,,,251,,,230,247,21,,,
,2,r,R7-3,12-TD,1.6,7,85,233,1459,8,5,12,22,12,6,,,,,,,251,,,230,247,21,,,
,2,r,R7-3,12-TD,1.6,7,84,275,1459,8,5,12,22,12,6,,,,,,,251,,,230,247,21,,,
,2,r,R7-3,12-TD,1.6,7,45,42,1459,8,5,12,22,12,6,,,,,,,251,,,230,247,21,,,
,2,r,R7-3,12-TD,1.6,7,80,259,1459,8,5,12,22,12,6,,,,,,,251,,,230,247,21,,,
,2,r,R7-3,12-TD,1.6,7,82,249,1459,8,5,12,22,12,6,,,,,,,251,,,230,247,21,,,
,2,r,R7-3,12-TD,1.6,7,67,135,1459,8,5,12,22,12,6,,,,,,,251,,,230,247,21,,,
,2,p,P19-4,12-TI,1.6,19,52,57,1274,8,5,12,25,12,8,,,,,,,249,,,,231,18,,,
,2,p,P19-4,12-TI,1.6,19,59,75,1274,8,5,12,25,12,8,,,,,,,249,,,,231,18,,,
,2,p,P19-4,12-TI,1.6,19,60,82,1274,8,5,12,25,12,8,,,,,,,249,,,,231,18,,,
,2,p,P19-4,12-TI,1.6,19,59,74,1274,8,5,12,25,12,8,,,,,,,249,,,,231,18,,,
,2,p,P19-4,12-TI,1.6,19,51,56,1274,8,5,12,25,12,8,,,,,,,249,,,,231,18,,,
,2,p,P19-4,12-TI,1.6,19,49,43,1274,8,5,12,25,12,8,,,,,,,249,,,,231,18,,,
,2,p,P19-4,12-TI,1.6,19,55,70,1274,8,5,12,25,12,8,,,,,,,249,,,,231,18,,,
,2,p,P19-4,12-TI,1.6,19,62,95,1274,8,5,12,25,12,8,,,,,,,249,,,,231,18,,,
,2,p,P19-4,12-TI,1.6,19,49,41,1274,8,5,12,25,12,8,,,,,,,249,,,,231,18,,,
,2,p,P19-4,12-TI,1.6,19,55,62,1274,8,5,12,25,12,8,,,,,,,249,,,,231,18,,,
,2,p,P19-4,12-TI,1.6,19,63,103,1274,8,5,12,25,12,8,,,,,,,249,,,,231,18,,,
,2,p,P19-4,12-TI,1.6,19,55,73,1274,8,5,12,25,12,8,,,,,,,249,,,,231,18,,,
,2,p,P19-4,12-TI,1.6,19,52,53,1274,8,5,12,25,12,8,,,,,,,249,,,,231,18,,,
,2,p,P19-4,12-TI,1.6,19,56,73,1274,8,5,12,25,12,8,,,,,,,249,,,,231,18,,,
,2,p,P19-4,12-TI,1.6,19,44,29,1274,8,5,12,25,12,8,,,,,,,249,,,,231,18,,,
,2,p,P19-4,12-TI,1.6,19,55,63,1274,8,5,12,25,12,8,,,,,,,249,,,,231,18,,,
,2,p,P19-4,12-TI,1.6,19,61,71,1274,8,5,12,25,12,8,,,,,,,249,,,,231,18,,,
,2,p,P19-4,12-TI,1.6,19,52,72,1274,8,5,12,25,12,8,,,,,,,249,,,,231,18,,,
,2,p,P19-4,12-TI,1.6,19,61,82,1274,8,5,12,25,12,8,,,,,,,249,,,,231,18,,,
,2,r,R12-3,9-BD,1.6,12,90,337,2811,8,5,12,34,12,12,,,,,,,249,,,217,240,32,,,
,2,r,R12-3,9-BD,1.6,12,55,77,2811,8,5,12,34,12,12,,,,,,,249,,,217,240,32,,,
,2,r,R12-3,9-BD,1.6,12,81,218,2811,8,5,12,34,12,12,,,,,,,249,,,217,240,32,,,
,2,r,R12-3,9-BD,1.6,12,75,198,2811,8,5,12,34,12,12,,,,,,,249,,,217,240,32,,,
,2,r,R12-3,9-BD,1.6,12,77,251,2811,8,5,12,34,12,12,,,,,,,249,,,217,240,32,,,
,2,r,R12-3,9-BD,1.6,12,86,241,2811,8,5,12,34,12,12,,,,,,,249,,,217,240,32,,,
,2,r,R12-3,9-BD,1.6,12,82,205,2811,8,5,12,34,12,12,,,,,,,249,,,217,240,32,,,
,2,r,R12-3,9-BD,1.6,12,81,217,2811,8,5,12,34,12,12,,,,,,,249,,,217,240,32,,,
,2,r,R12-3,9-BD,1.6,12,82,255,2811,8,5,12,34,12,12,,,,,,,249,,,217,240,32,,,
,2,r,R12-3,9-BD,1.6,12,86,284,2811,8,5,12,34,12,12,,,,,,,249,,,217,240,32,,,
,2,r,R12-3,9-BD,1.6,12,89,270,2811,8,5,12,34,12,12,,,,,,,249,,,217,240,32,,,
,2,r,R12-3,9-BD,1.6,12,86,258,2811,8,5,12,34,12,12,,,,,,,249,,,217,240,32,,,
,t,p,P60-1,12-BI,1.6,60,,,,8,5,12,38,12,20,,,,,,,249,,,,160,89,,2,
,t,p,P60-1,12-BI,1.6,60,,,,8,5,12,38,12,20,,,,,,,249,,,,160,89,,2,
,t,p,P60-2,12-BI,1.6,60,,,,8,5,12,38,12,20,,,,,,,249,,,,160,89,,2,
,t,p,P60-3,12-BI,1.6,60,,,,8,5,12,38,12,20,,,,,,,249,,,,160,89,,2,
,t,p,P60-4,12-BI,1.6,60,,,,8,5,12,38,12,20,,,,,,,249,,,,160,89,,2,
,t,p,P60-5,12-BI,1.6,60,,,,8,5,12,38,12,20,,,,,,,249,,,,160,89,,2,
,t,p,P60-6,12-BI,1.6,60,,,,8,5,12,38,12,20,,,,,,,249,,,,160,89,,2,
,t,p,P60-7,12-BI,1.6,60,,,,8,5,12,38,12,20,,,,,,,249,,,,160,89,,2,
,t,p,P60-8,12-BI,1.6,60,,,,8,5,12,38,12,20,,,,,,,249,,,,160,89,,2,
,t,p,P60-9,12-BI,1.6,60,,,,8,5,12,38,12,20,,,,,,,249,,,,160,89,,2,
,t,p,P60-10,12-BI,1.6,60,,,,8,5,12,38,12,20,,,,,,,249,,,,160,89,,2,
,t,p,P60-11,12-BI,1.6,60,,,,8,5,12,38,12,20,,,,,,,249,,,,160,89,,2,
,t,p,P60-12,12-BI,1.6,60,,,,8,5,12,38,12,20,,,,,,,249,,,,160,89,,2,
,t,p,P60-13,12-BI,1.6,60,,,,8,5,12,38,12,20,,,,,,,249,,,,160,89,,2,
,t,p,P60-14,12-BI,1.6,60,,,,8,5,12,38,12,20,,,,,,,249,,,,160,89,,2,
,t,p,P60-15,12-BI,1.6,60,,,,8,5,12,38,12,20,,,,,,,249,,,,160,89,,2,
,t,p,P60-16,12-BI,1.6,60,,,,8,5,12,38,12,20,,,,,,,249,,,,160,89,,2,
,t,p,P60-17,12-BI,1.6,60,,,,8,5,12,38,12,20,,,,,,,249,,,,160,89,,2,
,t,p,P60-18,12-BI,1.6,60,,,,8,5,12,38,12,20,,,,,,,249,,,,160,89,,2,
,t,p,P60-19,12-BI,1.6,60,,,,8,5,12,38,12,20,,,,,,,249,,,,160,89,,2,
,t,p,P60-20,12-BI,1.6,60,,,,8,5,12,38,12,20,,,,,,,249,,,,160,89,,2,
,t,p,P60-21,12-BI,1.6,60,,,,8,5,12,38,12,20,,,,,,,249,,,,160,89,,2,
,t,p,P60-22,12-BI,1.6,60,,,,8,5,12,38,12,20,,,,,,,249,,,,160,89,,2,
,t,p,P60-23,12-BI,1.6,60,,,,8,5,12,38,12,20,,,,,,,249,,,,160,89,,2,
,t,p,P60-24,12-BI,1.6,60,,,,8,5,12,38,12,20,,,,,,,249,,,,160,89,,2,
,t,p,P60-25,12-BI,1.6,60,,,,8,5,12,38,12,20,,,,,,,249,,,,160,89,,2,
,t,p,P60-26,12-BI,1.6,60,,,,8,5,12,38,12,20,,,,,,,249,,,,160,89,,2,
,t,p,P60-27,12-BI,1.6,60,,,,8,5,12,38,12,20,,,,,,,249,,,,160,89,,2,
,t,p,P60-28,12-BI,1.6,60,,,,8,5,12,38,12,20,,,,,,,249,,,,160,89,,2,
,t,p,P60-29,12-BI,1.6,60,,,,8,5,12,38,12,20,,,,,,,249,,,,160,89,,2,
,t,p,P60-30,12-BI,1.6,60,,,,8,5,12,38,12,20,,,,,,,249,,,,160,89,,2,
,t,p,P60-31,12-BI,1.6,60,,,,8,5,12,38,12,20,,,,,,,249,,,,160,89,,2,
,t,p,P60-32,12-BI,1.6,60,,,,8,5,12,38,12,20,,,,,,,249,,,,160,89,,2,
,t,p,P60-33,12-BI,1.6,60,,,,8,5,12,38,12,20,,,,,,,249,,,,160,89,,2,
,t,p,P60-34,12-BI,1.6,60,,,,8,5,12,38,12,20,,,,,,,249,,,,160,89,,2,
,t,p,P60-35,12-BI,1.6,60,,,,8,5,12,38,12,20,,,,,,,249,,,,160,89,,2,
,t,p,P60-36,12-BI,1.6,60,,,,8,5,12,38,12,20,,,,,,,249,,,,160,89,,2,
,t,p,P60-37,12-BI,1.6,60,,,,8,5,12,38,12,20,,,,,,,249,,,,160,89,,2,
,t,p,P60-38,12-BI,1.6,60,,,,8,5,12,38,12,20,,,,,,,249,,,,160,89,,2,
,t,p,P60-39,12-BI,1.6,60,,,,8,5,12,38,12,20,,,,,,,249,,,,160,89,,2,
,t,p,P60-40,12-BI,1.6,60,,,,8,5,12,38,12,20,,,,,,,249,,,,160,89,,2,
,t,p,P60-41,12-BI,1.6,60,,,,8,5,12,38,12,20,,,,,,,249,,,,160,89,,2,
,t,p,P60-42,12-BI,1.6,60,,,,8,5,12,38,12,20,,,,,,,249,,,,160,89,,2,
,t,p,P60-43,12-BI,1.6,60,,,,8,5,12,38,12,20,,,,,,,249,,,,160,89,,2,
,t,p,P60-44,12-BI,1.6,60,,,,8,5,12,38,12,20,,,,,,,249,,,,160,89,,2,
,t,p,P60-45,12-BI,1.6,60,,,,8,5,12,38,12,20,,,,,,,249,,,,160,89,,2,
,t,p,P60-46,12-BI,1.6,60,,,,8,5,12,38,12,20,,,,,,,249,,,,160,89,,2,
,t,p,P60-47,12-BI,1.6,60,,,,8,5,12,38,12,20,,,,,,,249,,,,160,89,,2,
,t,p,P60-48,12-BI,1.6,60,,,,8,5,12,38,12,20,,,,,,,249,,,,160,89,,2,
,t,p,P60-49,12-BI,1.6,60,,,,8,5,12,38,12,20,,,,,,,249,,,,160,89,,2,
,t,p,P60-50,12-BI,1.6,60,,,,8,5,12,38,12,20,,,,,,,249,,,,160,89,,2,
,t,p,P60-51,12-BI,1.6,60,,,,8,5,12,38,12,20,,,,,,,249,,,,160,89,,2,
,t,p,P60-52,12-BI,1.6,60,,,,8,5,12,38,12,20,,,,,,,249,,,,160,89,,2,
,t,p,P60-53,12-BI,1.6,60,,,,8,5,12,38,12,20,,,,,,,249,,,,160,89,,2,
,t,p,P60-54,12-BI,1.6,60,,,,8,5,12,38,12,20,,,,,,,249,,,,160,89,,2,
,t,p,P60-55,12-BI,1.6,60,,,,8,5,12,38,12,20,,,,,,,249,,,,160,89,,2,
,t,p,P60-56,12-BI,1.6,60,,,,8,5,12,38,12,20,,,,,,,249,,,,160,89,,2,
,t,p,P60-57,12-BI,1.6,60,,,,8,5,12,38,12,20,,,,,,,249,,,,160,89,,,
,t,p,P60-58,12-BI,1.6,60,,,,8,5,12,38,12,20,,,,,,,249,,,,160,89,,,
,t,p,P60-59,12-BI,1.6,60,,,,8,5,12,38,12,20,,,,,,,249,,,,160,89,,,
,2,p,P22-4,13-BD,1.6,22,57,67,1724,8,5,12,29,12,23,,,,,,,249,,,,242,7,,2,
,2,p,P22-4,13-BD,1.6,22,53,74,1724,8,5,12,29,12,23,,,,,,,249,,,,242,7,,2,
,2,p,P22-4,13-BD,1.6,22,53,66,1724,8,5,12,29,12,23,,,,,,,249,,,,242,7,,2,
,2,p,P22-4,13-BD,1.6,22,61,75,1724,8,5,12,29,12,23,,,,,,,249,,,,242,7,,2,
,2,p,P22-4,13-BD,1.6,22,54,59,1724,8,5,12,29,12,23,,,,,,,249,,,,242,7,,2,
,2,p,P22-4,13-BD,1.6,22,70,122,1724,8,5,12,29,12,23,,,,,,,249,,,,242,7,,2,
,2,p,P22-4,13-BD,1.6,22,62,77,1724,8,5,12,29,12,23,,,,,,,249,,,,242,7,,2,
,2,p,P22-4,13-BD,1.6,22,47,42,1724,8,5,12,29,12,23,,,,,,,249,,,,242,7,,2,
,2,p,P22-4,13-BD,1.6,22,48,41,1724,8,5,12,29,12,23,,,,,,,249,,,,242,7,,2,
,2,p,P22-4,13-BD,1.6,22,59,72,1724,8,5,12,29,12,23,,,,,,,249,,,,242,7,,2,
,2,p,P22-4,13-BD,1.6,22,63,104,1724,8,5,12,29,12,23,,,,,,,249,,,,242,7,,2,
,2,p,P22-4,13-BD,1.6,22,59,76,1724,8,5,12,29,12,23,,,,,,,249,,,,242,7,,2,
,2,p,P22-4,13-BD,1.6,22,69,120,1724,8,5,12,29,12,23,,,,,,,249,,,,242,7,,2,
,2,p,P22-4,13-BD,1.6,22,65,91,1724,8,5,12,29,12,23,,,,,,,249,,,,242,7,,2,
,2,p,P22-4,13-BD,1.6,22,68,114,1724,8,5,12,29,12,23,,,,,,,249,,,,242,7,,2,
,2,p,P22-4,13-BD,1.6,22,58,79,1724,8,5,12,29,12,23,,,,,,,249,,,,242,7,,2,
,2,p,P22-4,13-BD,1.6,22,57,73,1724,8,5,12,29,12,23,,,,,,,249,,,,242,7,,2,
,2,p,P22-4,13-BD,1.6,22,61,82,1724,8,5,12,29,12,23,,,,,,,249,,,,242,7,,2,
,2,p,P22-4,13-BD,1.6,22,60,84,1724,8,5,12,29,12,23,,,,,,,249,,,,242,7,,2,
,2,p,P22-4,13-BD,1.6,22,62,94,1724,8,5,12,29,12,23,,,,,,,249,,,,242,7,,2,
,2,p,P22-4,13-BD,1.6,22,55,82,1724,8,5,12,29,12,23,,,,,,,249,,,,242,7,,2,
,2,p,P22-4,13-BD,1.6,22,44,30,1724,8,5,12,29,12,23,,,,,,,249,,,,242,7,,2,
,t,p,P28-2,13-TI,1.6,28,,,,8,5,12,53,12,15,,,,,,,249,,,,194,55,,,
,t,p,P28-2,13-TI,1.6,28,,,,8,5,12,53,12,15,,,,,,,249,,,,194,55,,,
,t,p,P28-2,13-TI,1.6,28,,,,8,5,12,53,12,15,,,,,,,249,,,,194,55,,,
,t,p,P28-2,13-TI,1.6,28,,,,8,5,12,53,12,15,,,,,,,249,,,,194,55,,,
,t,p,P28-2,13-TI,1.6,28,,,,8,5,12,53,12,15,,,,,,,249,,,,194,55,,,
,t,p,P28-2,13-TI,1.6,28,,,,8,5,12,53,12,15,,,,,,,249,,,,194,55,,,
,t,p,P28-2,13-TI,1.6,28,,,,8,5,12,53,12,15,,,,,,,249,,,,194,55,,,
,t,p,P28-2,13-TI,1.6,28,,,,8,5,12,53,12,15,,,,,,,249,,,,194,55,,,
,t,p,P28-2,13-TI,1.6,28,,,,8,5,12,53,12,15,,,,,,,249,,,,194,55,,,
,t,p,P28-2,13-TI,1.6,28,,,,8,5,12,53,12,15,,,,,,,249,,,,194,55,,,
,t,p,P28-2,13-TI,1.6,28,,,,8,5,12,53,12,15,,,,,,,249,,,,194,55,,,
,t,p,P28-2,13-TI,1.6,28,,,,8,5,12,53,12,15,,,,,,,249,,,,194,55,,,
,t,p,P28-2,13-TI,1.6,28,,,,8,5,12,53,12,15,,,,,,,249,,,,194,55,,,
,t,p,P28-2,13-TI,1.6,28,,,,8,5,12,53,12,15,,,,,,,249,,,,194,55,,,
,t,p,P28-2,13-TI,1.6,28,,,,8,5,12,53,12,15,,,,,,,249,,,,194,55,,,
,t,p,P28-2,13-TI,1.6,28,,,,8,5,12,53,12,15,,,,,,,249,,,,194,55,,,
,t,p,P28-2,13-TI,1.6,28,,,,8,5,12,53,12,15,,,,,,,249,,,,194,55,,,
,t,p,P28-2,13-TI,1.6,28,,,,8,5,12,53,12,15,,,,,,,249,,,,194,55,,,
,t,p,P28-2,13-TI,1.6,28,,,,8,5,12,53,12,15,,,,,,,249,,,,194,55,,,
,t,p,P28-2,13-TI,1.6,28,,,,8,5,12,53,12,15,,,,,,,249,,,,194,55,,,
,t,p,P28-2,13-TI,1.6,28,,,,8,5,12,53,12,15,,,,,,,249,,,,194,55,,,
,t,p,P28-2,13-TI,1.6,28,,,,8,5,12,53,12,15,,,,,,,249,,,,194,55,,,
,t,p,P28-2,13-TI,1.6,28,,,,8,5,12,53,12,15,,,,,,,249,,,,194,55,,,
,t,p,P28-2,13-TI,1.6,28,,,,8,5,12,53,12,15,,,,,,,249,,,,194,55,,,
,t,p,P28-2,13-TI,1.6,28,,,,8,5,12,53,12,15,,,,,,,249,,,,194,55,,,
,t,p,P28-2,13-TI,1.6,28,,,,8,5,12,53,12,15,,,,,,,249,,,,194,55,,,
,t,p,P28-2,13-TI,1.6,28,,,,8,5,12,53,12,15,,,,,,,249,,,,194,55,,,
,t,p,P28-2,13-TI,1.6,28,,,,8,5,12,53,12,15,,,,,,,249,,,,194,55,,,
,t,p,P32-2,13-TD,1.6,32,,,,8,5,12,49,12,17,,,,,,,249,,,,179,70,,,
,t,p,P32-2,13-TD,1.6,32,,,,8,5,12,49,12,17,,,,,,,249,,,,179,70,,,
,t,p,P32-2,13-TD,1.6,32,,,,8,5,12,49,12,17,,,,,,,249,,,,179,70,,,
,t,p,P32-2,13-TD,1.6,32,,,,8,5,12,49,12,17,,,,,,,249,,,,179,70,,,
,t,p,P32-2,13-TD,1.6,32,,,,8,5,12,49,12,17,,,,,,,249,,,,179,70,,,
,t,p,P32-2,13-TD,1.6,32,,,,8,5,12,49,12,17,,,,,,,249,,,,179,70,,,
,t,p,P32-2,13-TD,1.6,32,,,,8,5,12,49,12,17,,,,,,,249,,,,179,70,,,
,t,p,P32-2,13-TD,1.6,32,,,,8,5,12,49,12,17,,,,,,,249,,,,179,70,,,
,t,p,P32-2,13-TD,1.6,32,,,,8,5,12,49,12,17,,,,,,,249,,,,179,70,,,
,t,p,P32-2,13-TD,1.6,32,,,,8,5,12,49,12,17,,,,,,,249,,,,179,70,,,
,t,p,P32-2,13-TD,1.6,32,,,,8,5,12,49,12,17,,,,,,,249,,,,179,70,,,
,t,p,P32-2,13-TD,1.6,32,,,,8,5,12,49,12,17,,,,,,,249,,,,179,70,,,
,t,p,P32-2,13-TD,1.6,32,,,,8,5,12,49,12,17,,,,,,,249,,,,179,70,,,
,t,p,P32-2,13-TD,1.6,32,,,,8,5,12,49,12,17,,,,,,,249,,,,179,70,,,
,t,p,P32-2,13-TD,1.6,32,,,,8,5,12,49,12,17,,,,,,,249,,,,179,70,,,
,t,p,P32-2,13-TD,1.6,32,,,,8,5,12,49,12,17,,,,,,,249,,,,179,70,,,
,t,p,P32-2,13-TD,1.6,32,,,,8,5,12,49,12,17,,,,,,,249,,,,179,70,,,
,t,p,P32-2,13-TD,1.6,32,,,,8,5,12,49,12,17,,,,,,,249,,,,179,70,,,
,t,p,P32-2,13-TD,1.6,32,,,,8,5,12,49,12,17,,,,,,,249,,,,179,70,,,
,t,p,P32-2,13-TD,1.6,32,,,,8,5,12,49,12,17,,,,,,,249,,,,179,70,,,
,t,p,P32-2,13-TD,1.6,32,,,,8,5,12,49,12,17,,,,,,,249,,,,179,70,,,
,t,p,P32-2,13-TD,1.6,32,,,,8,5,12,49,12,17,,,,,,,249,,,,179,70,,,
,t,p,P32-2,13-TD,1.6,32,,,,8,5,12,49,12,17,,,,,,,249,,,,179,70,,,
,t,p,P32-2,13-TD,1.6,32,,,,8,5,12,49,12,17,,,,,,,249,,,,179,70,,,
,t,p,P32-2,13-TD,1.6,32,,,,8,5,12,49,12,17,,,,,,,249,,,,179,70,,,
,t,p,P32-2,13-TD,1.6,32,,,,8,5,12,49,12,17,,,,,,,249,,,,179,70,,,
,t,p,P32-2,13-TD,1.6,32,,,,8,5,12,49,12,17,,,,,,,249,,,,179,70,,,
,t,p,P32-2,13-TD,1.6,32,,,,8,5,12,49,12,17,,,,,,,249,,,,179,70,,,
,t,p,P32-2,13-TD,1.6,32,,,,8,5,12,49,12,17,,,,,,,249,,,,179,70,,,
,t,p,P32-2,13-TD,1.6,32,,,,8,5,12,49,12,17,,,,,,,249,,,,179,70,,,
,t,p,P32-2,13-TD,1.6,32,,,,8,5,12,49,12,17,,,,,,,249,,,,179,70,,,
,t,p,P32-2,13-TD,1.6,32,,,,8,5,12,49,12,17,,,,,,,249,,,,179,70,,,
,t,p,P50-1,13-BI,1.6,50,,,,8,5,12,31,12,27,,,,,,,250,,,,182,68,,,
,t,p,P50-1,13-BI,1.6,50,,,,8,5,12,31,12,27,,,,,,,250,,,,182,68,,,
,t,p,P50-1,13-BI,1.6,50,,,,8,5,12,31,12,27,,,,,,,250,,,,182,68,,,
,t,p,P50-1,13-BI,1.6,50,,,,8,5,12,31,12,27,,,,,,,250,,,,182,68,,,
,t,p,P50-1,13-BI,1.6,50,,,,8,5,12,31,12,27,,,,,,,250,,,,182,68,,,
,t,p,P50-1,13-BI,1.6,50,,,,8,5,12,31,12,27,,,,,,,250,,,,182,68,,,
,t,p,P50-1,13-BI,1.6,50,,,,8,5,12,31,12,27,,,,,,,250,,,,182,68,,,
,t,p,P50-1,13-BI,1.6,50,,,,8,5,12,31,12,27,,,,,,,250,,,,182,68,,,
,t,p,P50-1,13-BI,1.6,50,,,,8,5,12,31,12,27,,,,,,,250,,,,182,68,,,
,t,p,P50-1,13-BI,1.6,50,,,,8,5,12,31,12,27,,,,,,,250,,,,182,68,,,
,t,p,P50-1,13-BI,1.6,50,,,,8,5,12,31,12,27,,,,,,,250,,,,182,68,,,
,t,p,P50-1,13-BI,1.6,50,,,,8,5,12,31,12,27,,,,,,,250,,,,182,68,,,
,t,p,P50-1,13-BI,1.6,50,,,,8,5,12,31,12,27,,,,,,,250,,,,182,68,,,
,t,p,P50-1,13-BI,1.6,50,,,,8,5,12,31,12,27,,,,,,,250,,,,182,68,,,
,t,p,P50-1,13-BI,1.6,50,,,,8,5,12,31,12,27,,,,,,,250,,,,182,68,,,
,t,p,P50-1,13-BI,1.6,50,,,,8,5,12,31,12,27,,,,,,,250,,,,182,68,,,
,t,p,P50-1,13-BI,1.6,50,,,,8,5,12,31,12,27,,,,,,,250,,,,182,68,,,
,t,p,P50-1,13-BI,1.6,50,,,,8,5,12,31,12,27,,,,,,,250,,,,182,68,,,
,t,p,P50-1,13-BI,1.6,50,,,,8,5,12,31,12,27,,,,,,,250,,,,182,68,,,
,t,p,P50-1,13-BI,1.6,50,,,,8,5,12,31,12,27,,,,,,,250,,,,182,68,,,
,t,p,P50-1,13-BI,1.6,50,,,,8,5,12,31,12,27,,,,,,,250,,,,182,68,,,
,t,p,P50-1,13-BI,1.6,50,,,,8,5,12,31,12,27,,,,,,,250,,,,182,68,,,
,t,p,P50-1,13-BI,1.6,50,,,,8,5,12,31,12,27,,,,,,,250,,,,182,68,,,
,t,p,P50-1,13-BI,1.6,50,,,,8,5,12,31,12,27,,,,,,,250,,,,182,68,,,
,t,p,P50-1,13-BI,1.6,50,,,,8,5,12,31,12,27,,,,,,,250,,,,182,68,,,
,t,p,P50-1,13-BI,1.6,50,,,,8,5,12,31,12,27,,,,,,,250,,,,182,68,,,
,t,p,P50-1,13-BI,1.6,50,,,,8,5,12,31,12,27,,,,,,,250,,,,182,68,,,
,t,p,P50-1,13-BI,1.6,50,,,,8,5,12,31,12,27,,,,,,,250,,,,182,68,,,
,t,p,P50-1,13-BI,1.6,50,,,,8,5,12,31,12,27,,,,,,,250,,,,182,68,,,
,t,p,P50-1,13-BI,1.6,50,,,,8,5,12,31,12,27,,,,,,,250,,,,182,68,,,
,t,p,P50-1,13-BI,1.6,50,,,,8,5,12,31,12,27,,,,,,,250,,,,182,68,,,
,t,p,P50-1,13-BI,1.6,50,,,,8,5,12,31,12,27,,,,,,,250,,,,182,68,,,
,t,p,P50-1,13-BI,1.6,50,,,,8,5,12,31,12,27,,,,,,,250,,,,182,68,,,
,t,p,P50-1,13-BI,1.6,50,,,,8,5,12,31,12,27,,,,,,,250,,,,182,68,,,
,t,p,P50-1,13-BI,1.6,50,,,,8,5,12,31,12,27,,,,,,,250,,,,182,68,,,
,t,p,P50-1,13-BI,1.6,50,,,,8,5,12,31,12,27,,,,,,,250,,,,182,68,,,
,t,p,P50-1,13-BI,1.6,50,,,,8,5,12,31,12,27,,,,,,,250,,,,182,68,,,
,t,p,P50-1,13-BI,1.6,50,,,,8,5,12,31,12,27,,,,,,,250,,,,182,68,,,
,t,p,P50-1,13-BI,1.6,50,,,,8,5,12,31,12,27,,,,,,,250,,,,182,68,,,
,t,p,P50-1,13-BI,1.6,50,,,,8,5,12,31,12,27,,,,,,,250,,,,182,68,,,
,t,p,P50-1,13-BI,1.6,50,,,,8,5,12,31,12,27,,,,,,,250,,,,182,68,,,
,t,p,P50-1,13-BI,1.6,50,,,,8,5,12,31,12,27,,,,,,,250,,,,182,68,,,
,t,p,P50-1,13-BI,1.6,50,,,,8,5,12,31,12,27,,,,,,,250,,,,182,68,,,
,t,p,P50-1,13-BI,1.6,50,,,,8,5,12,31,12,27,,,,,,,250,,,,182,68,,,
,t,p,P50-1,13-BI,1.6,50,,,,8,5,12,31,12,27,,,,,,,250,,,,182,68,,,
,t,p,P50-1,13-BI,1.6,50,,,,8,5,12,31,12,27,,,,,,,250,,,,182,68,,,
,t,p,P50-1,13-BI,1.6,50,,,,8,5,12,31,12,27,,,,,,,250,,,,182,68,,,
,t,p,P50-1,13-BI,1.6,50,,,,8,5,12,31,12,27,,,,,,,250,,,,182,68,,,
,t,p,P50-1,13-BI,1.6,50,,,,8,5,12,31,12,27,,,,,,,250,,,,182,68,,,
,t,p,P50-1,13-BI,1.6,50,,,,8,5,12,31,12,27,,,,,,,250,,,,182,68,,,